FSCM,Name,Telex,SName,Hold,Commission_FSCM,Commission_PCT,Credit,CreditLimit,Terms,Percent
104,NAVY SHIPS  PARTS & CONTROL CTR,,NAVYSHIPS,,,0,0,0,0,0
144,ADC PRODUCTS,,ADC,,,3.5,1,0,1,0
204,ELECTRONIC COILS,,ELECT.COIL,,,0,1,0,1,0
462,TRW/LUCAS AEROSPACE,714 671-4546,LUCAS,,,0,0,0,0,0
467,RCA CORP CAMDEN,,RCA,,,0,1,0,1,0
724,E-SYSTEMS INCORPORATED,,E-SYSTEMS,,,0,1,0,1,0
1534,HONEYWELL MARINE SYSTEMS DIV.,,HONEY MAR,,,0,1,0,1,0
1808,"QSS GROUP, INC.",,QSS/NASA,,,0,1,0,1,0
2294,CHRISTIE ELECTRIC CORP,,CHRISTIE,,,0,1,0,2,0
2365,TARGETRONIX,,TARGET,,,0,1,0,1,0
2387,NAVAL AVIONICS,,NAVAL AV,,,0,1,0,1,0
2731,MCDONNELL DOUGLAS HELICOPTERS,,MCDON/HELI,,,0,1,0,1,0
2912,"NORTHERN WINGS REPAIR, INC.",,NORTHWINGS,,,0,1,0,2,0
3550,VANGUARD ELECTRONICS,,VANGUARD,,,0,1,0,1,0
3769,NAPCO INTERNATIONAL INC,,NAPCO,,,0,2,0,1,0
3907,"AEROFLEX COLORADO SPRINGS, INC.",,AEROFLEX,,,0,1,0,1,0
4074,LOGITRADE INDUSTRIES,01 69 46 74 51,LOGITRADE,,,0,1,0,3,100
4217,ENDWAVE CORPORATION,,ENDWAVE,,,0,0,0,0,0
4258,JABIL CIRCUIT,,JABIL,,,0,1,0,1,0
4552,EMERSON & CUMING (W R GRACE CO),,E & C,,,0,1,0,1,0
4939,MARTIN MARIETTA MISSILE SYSTEMS,,MARTIN MAR,,,0,1,0,1,0
4971,RANTEC DIVISION OF EMERSON,,RANTEC,,,0,1,0,1,0
5254,COAST MAGNETICS-COAST COIL DIV,,COAST MAG,,,0,1,0,1,0
5610,"SPARTRONICS VIETNAM CO., LTD",,SPARTRONIC,,,0,1,0,1,0
5716,"RAYTHEON, IDS",,RAY IDS,,,0,0,0,0,0
5869,HUGHES AIRCRAFT FULLERTON,,HAC FUL,,,0,1,0,1,0
5991,ITT BARTON INSTRUMENTS CO,,ITT BARTON,,,0,1,0,1,0
6090,TE CONNECTIVITY,,TE CONNECT,,,0,1,0,1,0
6283,FEECORP,805-987-0506,FEECORP,,,0,1,0,2,0
6401,LOCKHEED MARTIN,,LOCKHEED M,,,0,1,0,1,0
6481,NORTHROP GRUMMAN ELECTRONIC SYS,,NGC/LITTON,,,0,1,0,1,0
6816,HUGHES AIRCRAFT CARLSBAD,,HAC CARLS,,,0,1,0,1,0
6845,BENDIX CORP.,,BENDIX,,,0,0,0,0,0
6989,HAROWE SERVO CONTROLS INC,,HAROWE SER,,,0,3,0,2,0
7015,CONTACT INC,,CONTACT,,,0,1,0,1,0
7070,NAVAL COASTAL SYSTEMS CENTER,,NAVAL CTR,,,0,1,0,1,0
7076,RCA CORP BURLINGTON,,RCA,,,0,1,0,1,0
7181,MARATHON POWER TECHNOLOGIES,,MARATHON T,,,0,1,0,1,0
7187,HONEYWELL DEFENSE AVIONICS,505 828-5377,HONEY/DAS,,,0,1,0,1,0
7367,TRW COLORADO,,TRW COL,,,0,1,0,1,0
7505,DRS TECHNOLOGIES,,DRS TECH,,,0,1,0,1,0
7571,"COLUMBIA RESEARCH LABS., INC.",,COLUMBIA,,,0,1,0,1,0
7690,LEAR SIEGLER INC,,LEAR SIG,,,0,1,0,1,0
7914,HOMELAND SUPPLIER CORPORTION,,HOMELAND,,,0,1,0,3,100
8236,OMNIAELECTRONICS,,OMNIAELECT,,,0,1,0,3,100
8484,BREEZE-EASTERN,,BREZE-EAST,,,0,1,0,1,0
8676,PIONEER MAGNETICS,,PIONEER,,,0,1,0,1,0
8729,ROCKETDYNE INC,,ROCKETDYNE,,,0,1,0,1,0
8904,"CONRAC TECHNOLOGY, INC.",,CONRAC,,,0,1,0,1,0
9017,WHITTAKER TASKER SYSTEMS DIV,,WHITTAKER,,,0,1,0,1,0
9059,NATEL ENGINEERING CO,,NATEL,,,0,1,0,1,0
9691,LITTON SYSTEMS CANADA,,LITTON CAN,,,0,1,0,1,0
0JB79,"CALIBER SALES ENGINEERING, INC",,CALIBER,,,0,1,0,3,100
0LB42,SEAKR ENGINEERING,,SEAKR,,,0,1,0,1,0
10001,DEPT OF NAVY-NAVAL WEAPONS,,NAVY,,,0,1,0,1,0
10107,"VOLLEX, INC.",,VOLLEX,,,0,1,0,2,0
10127,RAYCO ELECTRONICS MFG. INC.,,RAYCO MFG,,,0,1,0,1,0
10187,SPARTON CORP/SPARTRONICS INC.,,SPARTON,,,0,1,0,1,0
10232,NORTHROP GRUMMAN INNOVATION SYS,,NGIS,,,0,0,0,0,0
10308,US DYNAMICS CORPORATION,,USDYNAMICS,,,0,1,0,1,0
10412,RESDEL ENGINEERING CORP,,RESDEL,,,0,1,0,1,0
10709,HERNDON SPECIALITY PRODUCTS INC,,HERNDON,,,0,1,0,2,0
10714,MDA SPACE & ROBOTICS LTD,,MDSLR,,,0,1,0,1,0
11118,MURRIETTA CIRCUITS,,MUR/CIRCTS,,,0,1,0,1,0
11120,ADAMS MAXWELL,,ADAMS MAX,,,0,0,0,0,0
11205,S.I.T. CORPORATION,,S.I.T. COR,,,0,1,0,1,0
11207,CURTISS WRIGHT,,CURTISS WR,,,0,1,0,1,0
11212,INTERSPEC SALES,,INTERSPEC,,,0,1,0,1,0
11217,INTEGRATED PROCUREMENT TECH,,IPT,,,0,1,0,3,100
11219,WESCO INTEGRATED SUPPLY,,WESCO/INTG,,,0,1,0,3,100
11259,"PRIME INDUSTRIES, INC.",,PRIME IND,,,0,1,0,1,0
11279,CUSTOM SYSTEMS INTEGRATION CORP,,CSI CORP,,,0,1,0,3,100
11306,"FIBERTEK, INC.",,FIBERTEK,,,0,1,0,3,100
11317,MERCOM CORPORATION,,MERCOM,,,0,1,0,3,100
11323,SANTA BARBARA RESEARCH,,SANTA BARB,,,0,1,0,1,0
11520,"CORPORATE COMPUTER CENTERS, INC",,HOTCHIP,,,0,1,0,1,0
11707,PPI/TIME ZERO,,TIME ZERO,,,0,1,0,1,0
11817,NORTHROP GRUMMAN SYSTEMS CORP,,NGSC,,,0,1,0,1,0
11982,NORTHROP GRUMMAN AEROSPACE SYST,,NGAS,,,0,1,0,1,0
12050,BEI SENSORS & SYSTEMS COMPANY,,BEI,,,0,1,0,1,0
12108,UNIV OF COLORADO -- LASP,,UCOLO LASP,,,0,0,0,0,0
12217,SPARCZ ENGINEERING,,SPARCZ ENG,,,0,1,0,3,100
12313,MOOG AIRCRAFT GROUP,,MOOG TORR,,,0,0,0,0,0
12411,MAGELLAN DISTRIBUTION CORP.,,MAGELLAN,,,0,1,0,1,0
12436,GENERAL DYNAMICS,,GEN. DYNAM,,,0,1,0,1,0
12456,SELECTRON IND.,310 891-0466,SELECTRON,,,0,1,0,1,0
12458,SUBEIM,1.13492E+12,SUBIEM,,,0,0,0,0,0
12546,BAE SYSTEMS,603 885-4806,BAE,,,0,1,0,1,0
12574,GULTON INDUSTRIES INC,,GULTON,,,0,1,0,1,0
12597,MARCONI,301 497-0639,MARCONI,,,0,0,0,0,0
12654,CEICI,,CEICI,,,0,0,0,0,0
12678,EATON CORP (AILTECH),,EATON,,,0,1,0,1,0
12705,LORAL ELECTRO-OPTICAL SYSTEMS,,LORAL EOS,,,0,1,0,1,0
12716,AERO ENGINEERING SUPPORT GROUP,,AES,,,0,1,0,3,100
12831,MAGNAVOX,,MAGNAVOX,,,0,1,0,1,0
12904,CHEROKEE NATION INDUSTRIES,,CHEROKEE N,,,0,1,0,1,0
12918,"TECHNO AIR, INC.",,TECHNO AIR,,,0,1,0,3,100
13408,PURITAN-BENNETT,,BENNETT,,,0,1,0,1,0
13499,ROCKWELL COLLINS INC,,ROCKWELL/C,,,0,1,0,1,0
13555,GENERAL TIME INSTRUMENT,,GEN TIME,,,0,1,0,1,0
13859,KING NUTRONIC CORP,,KING NUTRN,,,0,1,0,1,0
14352,INTERFACE ENGINEERING,,INTERFACE,,,0,3,0,2,0
15090,"RAYTHEON, TUCSON",,RAY TUCSON,,,0,1,0,1,0
15192,DYNALEX CORP,,DYNALEX,,,0,1,0,1,0
15423,RAYTHEON COMPANY,310 416-1968,RAYTHEON,,,0,1,0,1,0
15498,HOOSIER INDUSTRIAL SUPPLY,,HOOSIER,,,0,0,0,0,0
15847,MARINE SPARES & SERVICES,,,,,0,0,0,0,0
15874,IBIDE INTERNATIONAL CORP.,410 654-8448,IBIDE,,,0,0,0,0,0
15895,LORAL CONIC,,LORALCONIC,,,0,1,0,1,0
15896,"LAMAR LOVE CO., INC.",,LAMAR LOVE,,,0,0,0,0,0
15975,UNISON CORPORATION,703 883-0140,UNISON,,,0,0,0,0,0
16170,TELEDYNE MICROELECTRONICS,,TELE MICRO,,,0,1,0,1,0
16224,TITAN LINKABIT,,TITAN/LINK,,,0,1,0,1,0
16714,RHOMBUS INDUSTRIES,,RHOMBUS,*,,0,3,0,2,0
17863,TELEDYNE SYSTEMS,,TELEDYNE,,,0,1,0,1,0
17867,RAYTHEON MISSILE SYSTEM,,RAYTHEON,,,0,1,0,1,0
18150,ADCOLE CORPORATION,508 485-9100,ADCOLE,,,0,1,0,1,0
18355,MCDONNELL DOUGLAS,,MCDONNELL,,,0,1,0,1,0
18762,VISTA CONTROLS,,VISTA C.,,,0,1,0,1,0
18876,US ARMY MISSLE COMMAND,,ARMY,,,0,1,0,1,0
19200,US ARMY FRANKFORD ARSENAL,,ARMY,,,0,1,0,1,0
19214,SPERRY ST. PAUL,,SPERRY-S.P,,,0,1,0,1,0
19605,INSCOM ELECTRONICS CORP.,,INSCOM,,,0,1,0,1,0
19645,E.S. DATA CORPORATION,,E.S.DATA,,,0,0,0,0,0
19723,LOCKHEED ELECTRONICS CO INC,,LOCKHEED,,,0,1,0,1,0
19724,ACRO,,ACRO,,,0,0,0,0,0
1B9P8,FREEDOM POWER SYSTEM,,FREEDOM,,,0,1,0,1,0
1PNK2,"RADTEC ENGINEERING, INC.",,RADTEC,,,0,0,0,0,0
20178,ELECTRONIC MEASUREMENT,,ELECTRONIC,,,0,1,0,1,0
20915,ANAREN MICROWAVE/MSK,,ANAREN/MSK,,,0,1,0,0,0
21236,TECHNICAL COMMUNICATIONS CORP,978 287-5100,TCC,,,0,1,0,1,0
21332,XETEL CORPORATION,512 435-1246,XETEL,,,0,1,0,1,0
21364,FLEET IND SUPPLY CENTER,619 545-0948,FLEET,,,0,0,0,0,0
21418,"KOREA AEROSPACE INDUSTRIES, LTD",,KAI,,,0,1,0,1,0
21457,RAYTHEON SYSTEMS COMPANY,520 663-7215,RAYTHEON,,,0,0,0,0,0
21478,EMERGING MARKETS INC,410 594-7174,EMERGING,,,0,0,0,0,0
21569,IPT,805-682 0842,IPT,,,0,0,0,0,0
21856,CENTROID INC,,CENTROID,,,0,1,0,1,0
21879,JETCOM AVIATION INC,310 338-0388,JETCOM,,,0,0,0,0,0
21909,RFI CORPORATION,,RFI CORP,,,0,1,0,1,0
22100,WILORCO INC,,WILORCO,,,0,1,0,1,0
22119,FERRANTI ELECTRIC INC,,FERRANTI,,,0,1,0,1,0
22369,INDUCTORS INC,800 533-8295,INDUCTORS,,,0,1,0,1,0
22373,HONEYWELL INTERNATIONAL,,HNYWLL INT,,,0,0,0,0,0
22398,ORBITAL SCIENCES CORP,703 406-5797,ORBITAL,,,0,1,0,1,0
22558,COAST/ACM,213/673-8828,C/ACM,,,0,1,0,1,0
22592,AVDOR TECHNOLOGY LTD,972-3-9520222,AVDOR,,,0,1,0,1,0
22779,CARDINAL CONTROL CO INC,,CARDINAL,,,0,1,0,1,0
22915,NORTHROP GRUMMAN CORP,,NORTHROP/H,,,0,1,0,1,0
23094,OCEAN TECHNOLOGY INC,,OCEAN TECH,,,0,1,0,1,0
23426,VENUS SCIENTIFIC INC,,VENUS,,,0,1,0,1,0
23835,JET PROPULSION LABORATORY,,JPL,,,0,1,0,1,0
24321,CONDOR PACIFIC INDUSTRIES,,CONDOR,,,0,1,0,1,0
24930,ITT GILFILLAN,,ITT GIL,,,0,1,0,1,0
25061,TOWER AVIATION SERVICES,,TOWER AVI.,*,,0,2,0,1,0
25648,RW CAMERON,914 895-2028,RW,,,0,0,0,0,0
25778,AUL INSTRUMENTS,,AUL,,,0,1,0,1,0
25987,G.P. SUPPLIES,406 771-8640,G.P.,,,0,0,0,0,0
26485,COBE LABORATORIES INC,,COBE,,,0,1,0,1,0
26530,PBR ELECTRONICS INC,,PBR,,,0,1,0,1,0
26581,PERKIN-ELMER INC,,PERKIN ELM,,,0,1,0,1,0
27457,HUGHES AIRCRAFT MALIBU,,HAC MALIBU,,,0,1,0,1,0
27832,HUGHES AIRCRAFT NEWPORT BEACH,,HAC NB,,,0,1,0,1,0
28231,LIPPS INC,,LIPPS INC,,,0,1,0,1,0
28375,"SPECTRON, INC",,SPECTRON,,,0,1,0,1,0
28480,HEWLETT-PACKARD,,HEWLETT-P,,,0,1,0,1,0
28528,ITT DEFENSE COMM DIV,,ITT FLOR,,,0,1,0,1,0
28569,"HICKOK ELECTRIC CO, THE",,HICKOK,,,0,0,0,0,0
29056,WOODARD ELECTRIC,,WOODARD,,,0,1,0,1,0
29455,UNITED RECORDING ELECTRONICS,,UN.RECORD,,,0,1,0,1,0
29789,ENTERPRISE ECC,450 635-5530,ENTERPRISE,,,0,0,0,0,0
29875,STS,,STS,,,0,0,0,0,0
30003,NAVAL AIR SYSTEMS COMMAND,,NAVAL AIR,,,0,0,0,0,0
30554,DO PROJECT MANAGER,,,,,0,1,0,1,0
30608,ARIZONA INDUSTRIAL HARDWARE,,A I H,,,0,1,0,1,0
30782,LITTON AERO PRODUCTS,,LITTON AP,,,0,1,0,1,0
31160,SYMMETRICOM,978-927-8220,DATUM,,,0,1,0,1,0
31220,HONEYWELL PSC OEM,,HWL PSC,,,0,1,0,1,0
31314,"ARROW DYNAMICS, LLC",,ARROW DYNA,,,0,1,0,3,100
31395,"ELECTROMAGNETIC SCIENCES, INC.",,EMS,,,0,1,0,1,0
31550,ITT INDUSTRIES,,ITT,,,0,1,0,1,0
31573,"ILC TECHNOLOGY, INC.",,ILC TECH,,,0,0,0,0,0
31682,JANKE AND COMPANY,,JANKE,,,0,1,0,1,0
31887,REACTION INSTRUMENTS,,REACTION,,,0,1,0,1,0
32008,"FLIGHT DIRECTOR, INC.",,FLIGHT DIR,,,0,1,0,1,0
32067,MARVIN ENGINEERING CO,,MARVIN ENG,,,0,1,0,1,0
32309,GM TECHNICAL SERVICES,,GMTECHSERV,,,0,1,0,1,0
32548,MEXPAR,626 812-6211,MEXPAR,,,0,0,0,0,0
32659,LIMO AVIATION AND MARINE,01153 75 30 00,LIMO,,,0,1,0,1,0
32678,DENELEX/RESTART CO.,516 434-6900,DENELEX,,,0,0,0,0,0
32804,GENERAL DYNAMICS AIS INC.,,GEN DYN,,,0,1,0,1,0
32964,ODETICS INC. SPACE DIVISION,,ODETICS,,,0,1,0,1,0
33012,OS2 CORP,,OS2 CORP,,,0,1,0,1,0
33115,J & M AIRCRAFT,,J & M AIR,,,0,1,0,3,100
33128,TECHNICAL SYSTEMS INC,,TECH SYST,,,0,1,0,1,0
33186,ALVARADIO,,ALVARADIO,,,0,1,0,1,0
33604,"EG & G POWER SYSTEMS, INC",,EG & G,,,0,1,0,1,0
33659,STARSYS RESEARCH,303 530-1925,STARSYS,,,0,1,0,1,0
34830,KRATOS AVIATION PRODUCTS,,KRATOS,,,0,1,0,1,0
35181,CAE ELECTRONICS LTD.,,CAE,,,0,1,0,1,0
35351,"LEAR SIEGLER, INSTRUMENT DIV",,LEAR-INST,,,0,1,0,1,0
36565,RIDGE MANUFACTURING CORP,973 586-2717,RIDGE,,,0,0,0,0,0
37895,THE MAGNAVOX COMPANY,,MAGNAVOX,,,0,1,0,1,0
37957,EMS TECHNOLOGIES CANADA LTD,613 727-1771,EMS,,,0,1,0,1,0
38101,COM DEV LTD. D/B/A HONEYWELL,,COMDEV/HWL,,,0,1,0,1,0
38JE7,HARRIS/EXELIS INC.,,HARRIS/EXL,,,0,0,0,0,0
39864,HAYNES ENTERPRISES,601 843-4411,HAYNES,,,0,0,0,0,0
40114,EXELIS INC,,EXELIS INC,,,0,1,0,1,0
40805,GLOBAL AERO TECHNOLOGY CORP,,GLOBAL AER,,,0,1,0,1,0
41309,"AEROSTAR INDUSTRY CO., INC.",,AIC,,,0,1,0,1,0
41708,SATCON,,SATCON,,,0,1,0,1,0
42205,CHALLENGE ELECTRONICS,,CHALLENGE,,,0,1,0,2,0
42220,EAST COAST ELECTRONICS & DATA,,ECE&D,,,0,1,0,3,100
42414,QUALITY AVIATION INSTRUMENTS,,QAI,,,0,1,0,3,100
42658,INTERNATIONAL AVIATION CORP,714 895-3335,INTER.AVIA,,,0,0,0,0,0
42707,"SILICON FOREST ELECTRONICS, INC",,SILICON FO,*,,0,1,0,1,0
4521,EX-ELTRONICS INCORP,516 6221430,EX-ELTRON,,,0,1,0,1,0
45231,CHARCROFT ELECTRONICS,01 591 610385,CHARCROFT,,,0,1,0,1,0
45465,RAYTHEON COMPANY MARYLAND,410 583-4481,RAYTHEON,,,0,0,0,0,0
45469,RESCO BALTIMORE,410931-8200,RESCO,,,0,1,0,1,0
46365,TEKNIC INC,585 784-7454,TEKNIC,,,0,0,0,0,0
49374,TEGAM INCORPORATED,,TEGAM,*,,0,2,0,3,100
49956,RAYTHEON,,RAYTHEON,,,0,1,0,1,0
4A4L1,GLOBAL SEMI SOLUTIONS,,GLOBALSEMI,,,0,1,0,1,0
4U884,"RAYTHEON COMPANY, EL SEGUNDO",,"RAY, EL SG",,,0,1,0,1,0
4V792,"ROCKWELL, MELBOURNE",,ROCKWELL/M,,,0,1,0,1,0
50307,GOODRICH CORPORATION,,GOODRICH,,,0,1,0,1,0
51111,REVERE ELECTRIC SUPPLY CO.,,REVERE,,,0,0,0,0,0
51516,HEWLETT PACKARD,541 715-2503,HEWLETT,,,0,1,0,1,0
51711,"TLR TECHNOLOGIES, INC.",,TLR TECH,,,0,1,0,1,0
51713,DYNAMATION RESEARCH,,DYNAMATION,,,0,1,0,2,0
51753,ARISTA DEVICES CORP,,ARISTA,,,0,1,0,1,0
51880,MIDCON CABLES INC,,MIDCON,,,0,1,0,1,0
51909,MDA CORP,,MDA CORP,,,0,1,0,1,0
52202,MODULAR DEVICES INC,,MODULAR DV,,,0,1,0,1,0
52378,LOCKHEED MARTIN MAC,800 563-8442,LOCKHEED,,,0,1,0,1,0
52427,SOUTHCOM INTERNATIONAL INC,,SOUTHCOM,,,0,1,0,1,0
52507,MECANEX USA INC.,,MECANEX,,,0,1,0,1,0
52634,COMPONENT ENGINEERING CO,,CECO,,,0,1,0,1,0
52719,INVERTRONICS,,INVERTRONC,,,0,1,0,1,0
53342,O.P.T. INDUSTRIES,,O.P.T.,,,0,1,0,1,0
53397,NUMAX ELECTRONICS,,NUMAX,,,0,1,0,1,0
5352,VARO ELECTRO OPTICS INC,972 840-5201,VARO/ELOP,,,0,1,0,3,100
53669,HUGHES AIRCRAFT CONNECTING DEV,,HAC CHULA,,,0,1,0,1,0
53670,HUGHES AIRCRAFT MICROELECTRONIC,,HAC MICRO,,,0,1,0,1,0
53711,DRAPER LABORATORY,,DRAPER,,,0,0,0,0,0
5418,NAVSEA WARFARE CENTERS,,NAVSEAWARF,,,0,1,0,3,100
54212,CEC CORPORATION,330 916-8118,CEC,,,0,0,0,0,0
54572,MONTEVIDEO TECHNOLOGY,,MONTEVIDEO,,,0,1,0,1,0
54598,HONEYWELL(ALLIED SIGNAL),905 608-6178,HONEY-AS,,,0,0,0,0,0
54675,BAKER HUGHES,713 625-4526,BAKER HUGH,,,0,1,0,1,0
54833,EVERHARD PRODUCTS,330 453-7786,EVERHARD,,,0,1,0,1,0
54897,UNIVERSAL AVIATION INC,301 330-9690,UNIVERSAL,,,0,0,0,0,0
54925,KOLLSMAN,,KOLLSMAN,,,0,0,0,0,0
55009,STELLAR MICROELECTRONICS,,STELLAR,,,0,1,0,1,0
55096,FRASER-VOLPE CORP,,FRASER-V,,,0,1,0,2,0
55167,CORONA MAGNETICS,,CORONA MAG,,,0,1,0,1,0
55218,MNEMONICS INC,321 254-7300,MNEMONICS,,,0,0,0,0,0
55446,SMART ELECTRONICS,714 991-6500,SMART,,,0,1,0,2,0
55669,EASTMAN KODAK COMPANY,585 588-5768,KODAK,,,0,1,0,1,0
55939,HONEYWELL CES PHOENIX,602 436-7882,HONEYWELL,,,0,1,0,1,0
56184,AMEX SYSTEMS CO IN,,AMEX,,,0,1,0,1,0
56239,ACCURATE PRECISION FASTENERS,201 567-9700,PRECISION,,,0,0,0,0,0
56283,"AREA 51-ESG, INC",,AREA 51,,,0,1,0,3,100
56489,CBOL,818 704-8200,CBOL,,,0,1,0,2,0
56547,LA GARD INC,310 325-5670,LA GARD,,,0,1,0,1,0
56563,MCLI,727 344-6254,MCLI,,,0,1,0,1,0
56597,ASTRIUM LIMITED,,ASTRIUM,,,0,1,0,1,0
56889,INFRAMETRICS,,INFRAMETRC,,,0,1,0,1,0
56983,HAMILTON SUNSTRAND,909 593-3581,HAMILTON,,,0,0,0,0,0
57237,F.E.E. INDUSTRIES,,FEE,,,0,1,0,1,0
57550,RELLI TECHNOLOGY INC,,RELLI,,,0,1,0,1,0
58172,CALIFORNICA SYSTEMS,,CALIF SYST,,,0,1,0,1,0
58384,SIMULASER,,SIMULASER,,,0,1,0,1,0
58421,GENERAL XRAY CORP,,GX,*,,0,2,0,1,0
58573,TEMPCO ELECTRIC HEATER CO,,TEMPCO,,,0,3,0,2,0
58671,WAUGH CONTROLS CORPORATION,,WAUGH,,,0,1,0,1,0
58899,OFFICE MANAGER INC,410 827-6580,OFFICE,,,0,1,0,1,0
58942,BALL AREOSPACE & TECHNOLOGIES,303 939-5495,BALL,,,0,1,0,1,0
58960,HONEYWELL COMMERCIAL FLIGHT SYS,,HONEY/FLT,,,0,1,0,1,0
58974,KOEHIKE COMPONENTS INC,937 435-5435,KOEHIKE,,,0,0,0,0,0
59121,SPECTRUM ASTRO,480 892-8200,SPECTRUM,,,0,1,0,1,0
59495,HONEYWELL-SATELLITE SYSTEMS DIV,,HONEY SAT,,,0,1,0,1,0
59500,HONEYWELL DSES CLEARWATER SPACE,,HONEY FLA,,,0,1,0,1,0
59625,QUALIDYNE SYSTEMS INC,,QUALIDYNE,,,0,1,0,1,0
59863,ACCESS RESEARCH CORPORATION,210 523-1777,ACCESS,,,0,1,0,1,0
59874,LCL ELECTRONICS,218 829-2990,LCL,,,0,0,0,0,0
59879,GIZA TECHNOLOGIES,201 867-2777,GIZA TECH,,,0,3,1000,3,100
59899,SMITHS AEROSPACE ACTUATION SYS,973-428-9898,SMITHS,,,0,1,0,1,0
60404,USA CECOM IEW RSC-E,,USA CECOM,,,0,1,0,3,100
60525,FAIRCHILD WESTON SYSTEMS INC,,FAIRCHILD,,,0,1,0,1,0
61149,FAST HEAT,,FAST HEAT,,,0,1,0,1,0
61433,ADVANCED TECHICAL CORP,,ADV TECH,,,0,1,0,1,0
61434,R & D ELECTRONICS INC,,R & D,,,0,3,0,2,0
61962,HONEYWELL SAT SYSTEMS OPERATION,,HONSAT SYS,,,0,1,0,1,0
62133,VALCOM INC,,VALCOM,,,0,1,0,1,0
62165,JOSLYN DEFENSE SYSTEM,,JOSLYN,,,0,1,0,1,0
62317,GLEN MAGNETICS,,GLEN MAG,,,0,1,0,1,0
62420,"IET LABS, INC.",,IET LABS,,,0,1,0,3,100
62429,ASSOCIATED ELCTRONICS INC,,ASSOCIATED,,,0,1,0,1,0
62506,POWER GENERAL,,POWER GEN,,,0,1,0,1,0
62507,NAVFLEET LOGISTICS LTD.,,NAVFLEET,,,0,1,0,3,100
62549,M.I.S. COMPANY,757 318-7302,MIS,,,0,0,0,0,0
62608,PRIMUS TECHNOLOGIES CORP.,,PRIMUS,,,0,1,0,1,0
62765,CELLTRON INC.,,CELLTRON,,,0,1,0,1,0
62915,WB PARTS,,WB PARTS,,,0,1,0,3,100
63692,MID-AMERICA ENGINEERING & MFG,,MID-AMERCA,,,0,1,0,3,100
63715,"ROSELM INDUSTRIES, INC",,ROSELM,,,0,1,0,1,0
63831,SQUARE D CO,,SQUARE D,,,0,1,0,1,0
64194,HUGHES AIRCRAFT ALABAMA,,HAC ALABAM,,,0,1,0,1,0
65237,KREISLER IMPORTS,+31(O)70385 214,KREISLER,,,0,0,0,0,0
65298,ADVANCED ELECTRICAL,630 739-4643,ADVANCED,,,0,0,0,0,0
65326,EMS,514-457-2150,EMS,,,0,1,0,2,0
65894,NAMSA,,NAMSA,,,0,1,0,1,0
66047,FTI INC.,,FTI,*,,0,1,0,1,0
66062,KING RADIO CORP.,,KING RADIO,,,0,0,0,0,0
66423,MIL-COM ELECTRONICS CORPORATION,,MIL-COM,,,0,3,0,3,0
66596,M-TRON COMPONENTS,631 467-5100,M-TRON,,,0,1,0,1,0
66598,MESA MW CORP,480 890-1612,MESA,,,0,1,0,1,0
66599,SOLID STATE DEVICES,5620404-8119,SSDI,,,0,1,0,1,0
66666,MARS CONSULTANT,,MARS,,,0,0,0,0,0
66989,TJM ELECTRONICS,215 788-2278,TJM,,,0,1,0,1,0
67177,ZENITH ELECTRONICS CORPORATION,,ZENITH,,,0,1,0,1,0
68911,MAXWELL TECHNOLOGIES,,MAXWELL,,,0,1,0,1,0
69695,ADVANCED LOGIC RESOURCES,631 924-1700,ALR,,,0,1,0,1,0
69832,APOGEE ELECTRONICS,310 915-1000,APOGEE,,,0,0,0,0,0
69874,RIDGE INSTRUMENTS CO,256 837-2216,RIDGE,,,0,0,0,0,0
70143,AEROJET ELECTROSYSTEMS,,AEROJET,,,0,1,0,1,0
70210,AIRESEARCH MANUFACTURING CO,,AIRESEARCH,,,0,1,0,1,0
70717,MOOG INC/BROADREACH OPERATIONS,,MOOG/BROAD,,,0,1,0,1,0
71063,THE BOEING COMPANY,,BOEING,,,0,1,0,1,0
71112,"DVK INTEGRATED SERVICES, INCL",,DVK,,,0,1,0,1,0
72104,GEMINI ELECTRONIC COMPONENTS,,GEMINI INC,,,0,1,0,1,0
72707,TRIDENT SPACE & DEFENSE,,TRIDENT,,,0,1,0,1,0
72910,ZIN TECHNOLOGIES,,ZIN TECH,,,0,1,0,1,0
73113,INNODYNE ENGINEERING CORP,,INNODYNE,,,0,1,0,1,0
73197,HI-SHEAR CORP,,HI-SHEAR,,,0,1,0,1,0
73293,"HUGHES, ELECTRON DYNAMICS DIV.",,HAC TORR,,,0,1,0,1,0
74006,LORAIN PRODUCTS DIV,,LORAIN,,,0,1,0,1,0
74598,AIR ELECTRONICS CO.,818 367-8300,AIR ELECTS,,,0,0,0,0,0
75489,LOCKHEED MARTIN CORPORATION,315 598-6942,LOCKHEED,,,0,1,0,1,0
75981,MBM,760 940-6020,MBM,,,0,0,0,0,0
78286,SIKORSKY AIRCRAFT DIVISION,,SIKORSKY,,,0,0,0,0,0
78366,SODERBERG MANUFACTURING CO INC,,SODERBERG,,,0,1,0,1,0
78626,FLIGHTLINE ELECTRONICS / (GTI),,FLIGHT,,,0,1,0,1,0
78952,APW ENCLOSURE SYSTEMS,949 474-8998,APW,,,0,1,0,1,0
79343,WILLIAMS & WATTS INC,,WM WATTS,,,0,1,0,1,0
7X664,HI-SHEAR TECHNOLOGY,,HI-SHEAR T,,,0,1,0,1,0
80045,L3 COMMUNICATIONS,,L3 COM,,,0,1,0,1,0
80063,US ARMY ELECT COMM,,ARMY,,,0,1,0,1,0
80064,NAVAL SHIP SYSTEM COMMAND,,NAVY,,,0,1,0,1,0
80211,MOTOROLA INC,,MOTOROLA,,,0,1,0,1,0
80249,HAZELTINE CORPORATION,,HAZELTINE,,,0,0,0,0,0
81111,"ALLIANCE AIRCRAFT GROUP, INC",,ALLIANCE,,,0,1,0,3,100
81120,COBHAM LONG ISLAND INC.,,COBHAM,,,0,1,0,1,0
81767,DALMO VICTOR,,DALMO VICT,,,0,1,0,1,0
82106,PARKER AEROSPACE,,PARKER AER,,,0,0,0,0,0
82112,"L.J. WALCH CO., INC.",,LJ WALCH,,,0,1,0,1,0
82520,RSM ELECTRON POWER INC,,RSM,,,0,1,0,1,0
82577,HUGHES AIRCRAFT CULVER CITY,,HAC CC,,,0,3,0,3,100
82907,"SENSING STRAGEGIES, INC.",,SENSINGINC,,,0,1,0,1,0
82963,COLLINS GENERAL AVIATION,,ROCKWELL,,,0,1,0,1,0
83012,ITT EXELIS,,ITT EXELIS,,,0,1,0,1,0
83695,HYCON MFG COMPANY,,HYCON,,,0,1,0,1,0
83696,HYBRID SEMICONDUCTORS & ELECT.,,HYBRID,,,0,0,0,0,0
84596,OMNIA,818 843-1620,OMNIA,,,0,0,0,0,0
84597,COMSPEC,805 583-0411,COMSPEC,,,0,0,0,0,0
84793,BROAD REACH ENGINEERING,720 565-8588,BROADREACH,,,0,1,0,1,0
84865,WORLD AIRMOTIVE SUPPLY,813 948-1132,WORLD,,,0,0,0,0,0
85698,SPEC,512 479-7732,SPEC,,,0,1,0,2,0
86431,INTERCOMP INC,954 493-6461,INTERCOMP,,,0,1,0,1,0
86523,ESD,,,,,0,0,0,0,0
86597,BOB DUFFY ASSOCIATES,858-487-1859,BOB DUFFY,,,0,1,0,1,0
86741,SETCOM,FAX 818 9968188,SETCOM,,,0,1,0,1,0
87557,LOCKHEED MISSILE & SPACE,,LOCKHEED,,,0,1,0,1,0
87953,LOGISTICS TECH,310 965-9440,LOGISTICS,,,0,0,0,0,0
88379,AEROFLEX,,AEROFLEX,,,0,1,0,1,0
88756,SYNTONICS LLC,410 480-7200,SYNTONICS,,,0,1,0,1,0
89022,ELECTRONIC MEASUREMENTS,,ELECT.MEAS,,,0,1,0,1,0
89480,WESTINGHOUSE ELECT CORP,,WESTINGHSE,,,0,1,0,1,0
89505,WILD HEERBRUGG AG,,WILD HEERB,,,0,1,0,1,0
89732,FUJI,310 8294774,FUJI,,,0,1,0,2,0
89753,GMS CORPORATION,703 796-0077,GMS,,,0,0,0,0,0
89798,TELEDYNE TECHNOLOGIES,603 889-6191,TELEDYNE,,,0,0,0,0,0
89944,KOLLSMAN INSTRUMENTS CO,,KOLLSMAN,,,0,1,0,1,0
91103,GHOLKAR'S,585-924-2050,GHOLKAR'S,,,0,1,0,1,0
91307,BENCHMARK ELECTRONICS,,"BNCHMRK,EL",,,0,1,0,1,0
91317,"ASELSAN ELECTRONIC IND., INC.",,ASELSAN,,,0,1,0,1,0
91812,JANCO CORP.,,JANCO CORP,,,0,0,0,0,0
93663,SANVAL ELECTRONIC SRL,39 010 651 8191,SANVAL,,,0,1,0,3,100
94117,"LOCKHEED SANDERS, INC.",,LOCKHEED/S,,,0,1,0,1,0
94697,"MOOG, INC., MISSILE SYSTEMS DIV",,"MOOG, INC.",,,0,1,0,1,0
94756,ROCKWELL INTERNATIONAL CORP,,ROCKWELL,,,0,1,0,1,0
95692,ARISTA ELECTRONICS CORP,,ARISTA,,,0,1,0,1,0
95855,GYFA ENTERPRISE,,,,,0,0,0,0,0
97942,NORTHROP GRUMMAN BALTIMORE,940 696-9963,NGC/BALT,,,0,1,0,1,0
97953,NOVATRONICS,,NOVATRONIC,,,0,1,0,1,0
98230,DEPARTMENT OF DEFENSE,,DEP.DEFNSE,,,0,1,0,1,0
98453,NORTHROP ANAHEIM,,NORTHROP,,,0,1,0,1,0
98454,SINGAPORE AEROSPACE SUPPLIES,,"SAS, USA",,,0,1,0,1,0
98562,"BOEING SATELLITE SYSTEMS, INC.",310 364-8800,BOEING,,,0,1,0,1,0
98566,BOEING COMPANY,818 586-3341,BOEING,*,,0,1,0,1,0
98571,TELEDYNE CONTROLS,,TELEDYNE,,,0,1,0,1,0
98653,EMI,410 594-7174,EMI,,,0,0,0,0,0
98934,COMPUTERIZED SECURITY SYSTEMS,949 574-3424,CSS,,,0,0,0,0,0
99848,WILCO,,WILCO,,,0,1,0,1,0
99865,M.S.KENNEDY,315 701-6751,MSK,,,0,1,0,1,0
A0001,JHT ELECTRONICS,,JHT ELEC,,,0,1,0,1,0
A0002,ARTISAN ELECTRONICS CORPORATION,,ARTISAN,,,0,1,0,1,0
A0003,ATLANTIC DELTA,,ATLANTIC,,,0,1,0,1,0
A0004,SMART TELECOM INC.,,SMART,,,0,3,0,2,0
A0005,COMPONENT CONCEPTS,,COMP CONC.,,,0,1,0,1,0
A0006,DEK MANUFACTURING LTD,,DEK,,,0,1,0,1,0
A0007,DUFFY ELECTRONICS & MANUFACT.,,DUFFY,,,0,3,0,2,0
A0008,EL GENCO,,EL GENCO,,,0,1,0,1,0
A0009,GRAPHICS MICROSYSTEMS INC,,GRAPHICS,,,0,1,0,1,0
A0010,HONEYWELL INC COMMERCIAL AVIATN,,HONEY AVAI,,,0,1,0,1,0
A0011,INDUSTRIAL DYNAMICS,,IND DYNAM,,,0,1,0,1,0
A0012,ELOP  ELECTRO OPTICS IND.,,ELOP,,,0,1,0,1,0
A0013,JAMCO,,JAMCO,,,0,3,0,2,0
A0014,ORBIT INSTRUMENTS,,ORBIT,,,0,1,0,1,0
A0015,OXBRIDGE INCORP,,OXBRIDGE,,,0,1,0,1,0
A0016,PENROD,,PENROD,,,0,1,0,1,0
A0017,ESPY,,ESPY,,,0,1,0,1,0
A0018,R & D.FABRICATORS,,R & D FAB,,,0,3,0,2,0
A0019,AHEPSCO,,AHEPSCO,,,0,1,0,1,0
A0020,SCOTT INSTRUMENT CO,,SCOTT,,,0,1,0,1,0
A0021,SENTRAN,,SENTRAN,,,0,1,0,1,0
A0022,SHUMWAY BROTHERS INC,,SHUMWAY,,,0,1,0,1,0
A0023,SUPERTEK CO. INC,,SUPERTEK,,,0,3,0,2,0
A0024,TPS AVIATION INC,510 475-1010,TPS,,,0,1,0,1,0
A0025,TARGET CORPORATION,,TARGET,,,0,3,0,2,0
A0026,C & G ASSOCIATED,,C&G ASSOC,,,0,1,0,1,0
A0027,HUGHES AIRCRAFT EDSG,,HAC EDSG,,,0,1,0,1,0
A0028,HUGHES AIRCRAFT COMPANY (RSG),,HAC RADAR,,,0,1,0,1,0
A0029,HUGHES AIRCRAFT SPACE & COMM.,,HAC SPACE,,,0,1,0,1,0
A0031,CorKey Control Systems,,CorKey,,,0,1,0,1,0
A0033,ODETICS--AIM,,ODETICSAIM,,,0,1,0,1,0
A0034,TRW SAN DIEGO,,TRW SD,,,0,1,0,1,0
A0035,DLA FINANCE CENTER,,DCMAO/ES,,,0,1,0,1,0
A0036,DEFENSE ELECTRONICS SUPPLY CNTR,,DESC-DAYTN,,,0,1,0,1,0
A0037,EPPCO,,EPPCO,,,0,1,0,1,0
A0038,WRIGHT SOURCE INC,,WRIGHT,,,0,1,0,1,0
A0039,SOLOTRON ENTERPRISES,,SOLOTRON,,,0,1,0,1,0
A0040,HUGHES AIRCRAFT MISSISSIPPI,,HAC MISS,,,0,1,0,1,0
A0041,HUGHES TECHNICAL SERVICES CO.,,HAC LB,,,0,1,0,1,0
A0042,SPERRY SALT LAKE CITY,,SPERRY SLC,,,0,1,0,1,0
A0043,LA BARGE ELECTRONICS,,LA BARGE,,,0,1,0,1,0
A0044,LASER MEDIA,,LASER,,,0,3,0,2,0
A0045,LITTON AERO PRODUCTS DIVISION,,LITTON APD,,,0,1,0,1,0
A0046,AMERICAN NATION CORP,,AMERICAN,,,0,1,0,1,0
A0047,KONGSBERG NORWAY,,KONGSBERG,,,0,1,0,1,0
A0048,LOCKHEED MISSILE-BURBANK,,LOCKHEED,,,0,1,0,1,0
A0049,D & D PACKAGING,,D & D,,,0,1,0,1,0
A0050,MECH-TRONICS OF ARIZONA,,MECH-TRON,,,0,1,0,1,0
A0051,MURATA ERIE (CANADA),,MURATA,,,0,1,0,1,0
A0052,BEEKMAN LABS,,BEEKMAN,,,0,1,0,1,0
A0053,MIDWAY INDUSTRIAL ELEC,,MIDWAY,,,0,1,0,1,0
A0054,M.A.M. PRODUCTS,,M.A.M.,,,0,1,0,1,0
A0055,SPARATEC INC,,SPARATEC,,,0,1,0,1,0
A0056,"SILVERON INDUSTRIES, INC.",,SILVERON,,,0,1,0,1,0
A0057,"STORZ, KARL",,STORZ,,,0,1,0,1,0
A0058,"ELBIT COMPUTERS, LTD",,ELBIT,,,0,1,0,1,0
A0059,X.I. ASSOC,,X.I.,,,0,1,0,1,0
A0060,"DGSC, RICHMOND VA",,DGSC,,,0,1,0,1,0
A0062,"CHEROKEE INTL., INC.",,C.INTN.INC,,,0,1,0,1,0
A0063,COPELAND CORP,,COPELAND,,,0,1,0,1,0
A0064,EL TECH LTD,,EL TECH,,,0,1,0,1,0
A0065,AVITAL ENGINEERING,,AVITAL,,,0,1,0,1,0
A0066,"COILTRONICS, INC.",,COILTRONIC,*,,0,2,0,2,0
A0067,ELTRO GMBH (GERMANY),,ELTRO,,,0,1,0,1,0
A0068,GUERRERO ENTERPRISES,,GUERRERO,,,0,1,0,1,0
A0069,HUTCHINSON TECH,,HUTCHINSON,,,0,1,0,1,0
A0070,JBM CORP,,JBM,,,0,1,0,1,0
A0071,INTERMOTO LTD,,INTERMOTO,,,0,1,0,1,0
A0072,MIDWEST POWER CO,,MIDWEST,,,0,1,0,1,0
A0073,MIAMI X-RAY SERVICE,,MIAMI XR,,,0,1,0,1,0
A0074,"POWER PARTS, INC.",,POWER PART,,,0,1,0,1,0
A0075,JACKSON ENGINEERING,,JACKSON,,,0,3,0,2,0
A0076,G.E.C. AVIONICS,,GEC,,,0,1,0,1,0
A0077,MIDLAND ROSS ENGINEERING,,MIDLAND,,,0,1,0,1,0
A0078,POLYPHASE INST. CO,,POLYPHASE,,,0,1,0,1,0
A0079,OLKON CORP,,OLKON,,,0,1,0,1,0
A0080,RAM ELECTRONICS,,RAM,,,0,1,0,1,0
A0081,TRANSMISSION NETWORKS INTN'L,,TNI,,,0,1,0,1,0
A0082,T.C. ELECTRONICS,,T.C. ELECT,,,0,1,0,1,0
A0083,TRANS FAB (QUEBEC),,TRANS FAB,,,0,1,0,1,0
A0084,TECHNITROL INC,,TECHNITROL,,,0,2,0,1,0
A0085,U.S. MAGNETICS,,U.S. MAG,,,0,1,0,1,0
A0086,WESTLAND HELICOPTERS,,WESTLAND,,,0,1,0,1,0
A0087,ALLIED SIGNAL AEROSPACE,,AIRESEARCH,,,0,1,0,1,0
A0088,UNIV. OF SANTA BARBARA,,UNIV. S.B.,,,0,1,0,1,0
A0089,WILDWOOD ELECT,,WILDWOOD,,,0,1,0,1,0
A0090,HUGHES EDS  - SEE FSCM A0027,,HAC ES,,,0,1,0,1,0
A0091,GOVERNMENT OF ISRAEL,,GOV.ISRAEL,,,0,1,0,1,0
A0092,HUGHES AIRCRAFT CO (CANOGA PK),,HAC CP,,,0,1,0,1,0
A0093,SPCC CODE 0113,,SPCC,,,0,1,0,1,0
A0094,ELECTRONIX LTD,,ELECTRONIX,,,0,1,0,1,0
A0095,GLENAIR INTERNATIONAL,,GLENAIR,,,0,1,0,1,0
A0096,SCHAEFFER MAGNETICS,,SCHAEFFER,,,0,1,0,1,0
A0097,"TRAM ELECTRONICS, INC",,TRAM,,,0,1,0,1,0
A0098,ADVANCE MEDICAL TECHNOLOGY,,ADV. MED,,,0,1,0,1,0
A0099,VISIDATA,,VISIDATA,,,0,1,0,1,0
A0100,CTM MAGNETICS,,CTM,,,0,1,0,1,0
A0101,DUSTIN ASSOCIATES,,DUSTIN,,,0,1,0,1,0
A0102,FERNWOOD TRANSFORMERS,,FERNWOOD,,,0,1,0,1,0
A0103,NAVAL WEAPONS,,NAVAL,,,0,1,0,1,0
A0104,SANTRONICS,,SANTRONICS,,,0,1,0,1,0
A0105,"KASTEN, DR. LOUIS",,KASTEN,,,0,1,0,1,0
A0106,PENN STATE UNIVERSITY,,PENN ST,,,0,1,0,1,0
A0107,HINDUSTAN AERONAUTICAL LTD,,HINDUSTAN,,,0,1,0,1,0
A0108,"LENCO ELECTRONICS, INC.",,LENCO,,,0,1,0,1,0
A0109,IN POWER EUROPE LIMITED,,IPEL,,,0,1,0,1,0
A0110,KENNEDY ENGINEERING INC,,KENNEDY,,,0,1,0,1,0
A0111,USA INTERNATIONAL,,USA INTERN,,,0,1,0,1,0
A0112,VISTA INTERNATIONAL,,VISTA,,,0,1,0,1,0
A0113,WESTERN COMMUNICATION,,WEST COMM,*,,0,2,0,1,0
A0114,TCL INC,,TCL,,,0,1,0,1,0
A0115,WESTEC-COLLINS,,WESTEC,,,0,1,0,1,0
A0116,SUMMIT ELECTRONICS,,SUMMIT,,,0,1,0,1,0
A0117,C.V.C.M. CO,,C.V.C.M.,,,0,1,0,1,0
A0118,POWER ELECTRONICS,,POWER ELEC,,,0,1,0,1,0
A0119,CROSS & ASSOC,,CROSS,,,0,1,0,1,0
A0120,S.E.A.CO.,,SEACO,,,0,1,0,1,0
A0121,WES-TEC,,WES-TEC,,,0,1,0,1,0
A0122,TRICELIN CORPORATION,,TRICELIN,,,0,1,0,1,0
A0123,"CRONIN, D.L.",,CRONIN,,,0,1,0,1,0
A0124,OLYMPIC ENGINEERING PRODUCTS,,OLYMPIC,,,0,1,0,1,0
A0125,NASA Ames Research Center/DFRF,,NASA,,,0,1,0,1,0
A0126,SONICRAFT,,SONICRAFT,,,0,1,0,1,0
A0127,O.T.S. WIRE & INSULATION,,O.T.S.,,,0,1,0,1,0
A0128,"EDER INDUSTRIES,INC",,EDER,,,0,1,0,1,0
A0129,INTERNATIONAL POWER DEVICES,,INT.POWER,,,0,1,0,1,0
A0130,MESA CIRCUITS,,MESA,,,0,1,0,1,0
A0131,DBM - JAMAICA,,DBM,,,0,1,0,1,0
A0132,S.R. COMMERCE,,S.R.COMM.,,,0,1,0,1,0
A0133,"DLF, INC",,DFL,,,0,1,0,1,0
A0134,"EARTHWORKS, INC",,EARTHWORKS,,,0,1,0,1,0
A0135,EG & G INC,,EG & G,,,0,1,0,1,0
A0136,PACE,,PACE,,,0,1,0,1,0
A0137,L.H. FROST LIMITED,,L.H. FROST,,,0,0,0,0,0
A0138,"INTERNATIONAL ,MOTOR DIV",,INTR.MOTOR,,,0,1,0,1,0
A0139,DARING ELECTRONICS INC,,DARING,,,0,1,0,1,0
A0140,ASSOCIATED AIRCRAFT,,ASSOCIATED,,,0,1,0,1,0
A0141,GRANER CORP,,GRANER,,,0,1,0,1,0
A0142,GALAXY AIRCRAFT INSTRUMENT CO.,,GALAXY,,,0,1,0,1,0
A0143,CHAMBERLAIN MANUFACTURE,,CHAMBERLAN,,,0,1,0,1,0
A0144,COM-TEK,,COM-TEK,,,0,1,0,1,0
A0145,D & R ENTERPRISES,,D & R,,,0,1,0,1,0
A0146,GOULD DEFENSE SYSTEMS INC,,GOULD,,,0,1,0,1,0
A0147,DFL INC,,DFL,,,0,1,0,1,0
A0148,INTERNATIONAL ELECTRONICS,,INT.ELECT.,,,0,1,0,1,0
A0150,ISRAEL AIRCRAFT IND LTD,,ISRAEL AIR,,,0,1,0,1,0
A0151,KRUPP ATLAS ELECTRONIK,,KRUPP,,,0,1,0,1,0
A0152,JOULE POWER,,JOULE,,,0,1,0,1,0
A0153,ELECTRO PRODUCT DESIGN,,ELECTRO,,,0,1,0,1,0
A0154,MICRO ENERGY INC,,MICRO-ENGY,,,0,1,0,1,0
A0155,SEMCO,,SEMCO,,,0,1,0,1,0
A0156,LEOS ACCOUNTS,,LEOS,,,0,1,0,1,0
A0157,"CARIBE, L. H.",,CARIBE,,,0,1,0,1,0
A0158,MAGNETIKA,,MAGNETIKA,,,0,1,0,1,0
A0159,MITRONIC TRADING CORP,,MITRONIC,,,0,1,0,1,0
A0160,POWER LOGISTICS,,POWER LOG,,,0,1,0,1,0
A0161,"POLE ZELO, INC",,POLE ZELO,,,0,1,0,1,0
A0162,REN-CO,,REN-CO,,,0,3,0,2,0
A0163,M.V. MASON ELECTRONICS INC,,M.V. MASON,,,0,1,0,1,0
A0164,PERFORMANCE EVALUATION,,PERFORMANC,,,0,1,0,1,0
A0165,SEYMOUR DUNCAN RESEARCH,,S. DUNCAN,,,0,1,0,1,0
A0166,SPERRY INC CANADA,,SPERRY CAN,,,0,1,0,1,0
A0167,TRW ALABAMA,,TRW ALABAM,,,0,1,0,1,0
A0168,S.A. ENTERPRISES,,S.A. ENTER,,,0,1,0,1,0
A0169,SYNCOR INDUSTIRES CROP,,SYNCOR,,,0,1,0,1,0
A0170,SOUND TECH,,SOUND TECH,,,0,1,0,1,0
A0171,ENSIGN CORP,,ENSIGN,,,0,1,0,1,0
A0172,GEI,,GEI,,,0,1,0,1,0
A0173,GTE (EL PASO),,GTE,,,0,1,0,1,0
A0174,GTE (NEW MEXICO),,GTE,,,0,1,0,1,0
A0175,COMFORT CAROL,,COMFORT,,,0,1,0,1,0
A0176,ATOMIC ENERGY LIMITED,,ATOMIC ENR,,,0,1,0,1,0
A0177,LJP MARKETING,,LJP,,,0,1,0,1,0
A0178,"VENATOR, D.N.",,VENATOR,,,0,1,0,1,0
A0179,ASTRONAUTICS,,ASTRONAUTC,,,0,1,0,1,0
A0180,TRITEC,,TRITEC,,,0,1,0,1,0
A0181,SESCOM,,SESCOM,*,,0,2,0,1,0
A0182,COMMUNICATIONS ASSOCIATES,,COMM.ASSOC,,,0,1,0,1,0
A0183,COMBINED SYSTEMS INC,,COMB SYST,,,0,3,0,2,0
A0184,EMERSON ELECTRIC,,EMERSON,,,0,1,0,1,0
A0185,TECHNOLOGY DYNAMICS,,TECH DYNM.,,,0,1,0,1,0
A0186,CONSOLIDATED INDUSTRIES,,CONSOL.IND,,,0,1,0,1,0
A0187,AERO MARKETING,,AERO MARKT,,,0,1,0,1,0
A0188,AVTEK SYSTEMS,,AVTEK,,,0,1,0,1,0
A0189,RCA CORP MOORSTOWN,,RCA,,,0,1,0,1,0
A0190,KAMAN INSTRUMENTS,,KAMAN,,,0,1,0,1,0
A0191,ROYAL NETHERLANDS,,ROYAL,,,0,1,0,1,0
A0192,MICROTEL,,MICROTEL,,,0,3,0,2,0
A0193,ROLETEC LTD,,ROLETEC,,,0,1,0,1,0
A0194,"WILLIAMS & WATTS, INC",,WILLIAMS,,,0,1,0,1,0
A0195,PARKER HANNIFIN CORP.,,PARKER HAN,,,0,1,0,1,0
A0196,MARYLAND PROCUREMENT OFFICE,,MARYLAND,,,0,1,0,1,0
A0198,SYSTEMS MAGNETICS,,SYSTEMS,,,0,1,0,1,0
A0199,ALLIED BENDIX,,ALLIED BEN,,,0,1,0,1,0
A0200,METCAL INC,,METCAL,*,,0,2,0,1,0
A0201,COMPAQ,,COMPAQ,,,0,3,0,2,0
A0202,CALIF. POWER RESEARCH,,CAL. POWER,,,0,1,0,1,0
A0203,US ARMY ARMAMENT(ROCK ISLAND),,US ARMY,,,0,1,0,1,0
A0204,CELEDATA CORPORATION,,CELEDATA,,,0,1,0,1,0
A0206,C + S PRECISION,,C + S,,,0,1,0,1,0
A0207,EG & G ALMOND INSTRUMENTS,,EG & G,,,0,1,0,1,0
A0208,CANADA INC (#152221),,CANADA INC,,,0,1,0,1,0
A0209,CONRAC INC,,CONRAC,,,0,1,0,1,0
A0210,E. J. M.,,E. J. M.,,,0,1,0,1,0
A0211,MORROW TECHNOLOGY CORP,,MORROW,,,0,1,0,1,0
A0212,ROYAL NETHERLANDS EMBASSY,,NETHERLAND,,,0,1,0,1,0
A0213,SIEMENS TRANSMISSION,,SIEMENS,,,0,1,0,1,0
A0214,TRANS-ALL MAGNETICS,,TRANS ALL,,,0,1,0,1,0
A0215,WAM INDUSTRIES,,WAM INDUST,,,0,1,0,1,0
A0216,NEW ZEALAND GOVERNMENT,,NZ GOV.,,,0,1,0,1,0
A0217,VHL AIRCRAFT,,VHL AIRC,,,0,1,0,1,0
A0218,NATIONAL ELECTRIC SUPPLY CORP.,,NAT.ELECT.,,,0,1,0,1,0
A0219,QUANTIC,,QUANTIC,,,0,1,0,1,0
A0220,WILDWOOD,,WILDWOOD,,,0,1,0,3,100
A0221,AYDIN CORPORATION WEST,,AYDIN,,,0,1,0,1,0
A0222,WYVERN TECHNOLOGY,,WYVERN,,,0,1,0,1,0
A0223,DATA GENERAL,,DATA GEN.,,,0,1,0,1,0
A0224,LITTON* ELECTRONIC DEVICES,,LITTON,,,0,1,0,1,0
A0227,GENERAL ELECTRIC,,GE,,,0,1,0,1,0
A0228,K ELECTRONICS INC,,K ELECT.,,,0,1,0,1,0
A0229,AMEX SYSTEMS,,AMEX,,,0,1,0,1,0
A0230,KESSLER INTERNATIONAL CORP,,KESSLER,,,0,1,0,1,0
A0231,ROBINS AIRFORCE BASE,,ROBINS AFB,,,0,1,0,1,0
A0232,JPA ELECTRONICS SUPPLY INC,,JPA,,,0,1,0,1,0
A0233,ELECTRODYNE SYSTEMS CORP,,ELCTRODYNE,,,0,1,0,2,0
A0234,BIO MEASUREMENT TECHNIQUES,,BIOMEASURE,,,0,1,0,1,0
A0235,EG & G ENERGY MEASUREMENTS,,EG & G,,,0,1,0,1,0
A0237,UNIDYNE CORP,,UNIDYNE,,,0,1,0,1,0
A0238,"FASTECH, INC.",,FASTECH,*,,0,2,0,2,0
A0239,DIAGNOSTIC MEDICAL SYSTEM,,DIAGNOSTIC,,,0,1,0,1,0
A0240,FLETCHER AND SONS,,FLETCHER,,,0,1,0,1,0
A0241,TENFIELD,,TENFIELD,,,0,1,0,1,0
A0242,RAMCO AMERICAN,,RAMCO,,,0,1,0,1,0
A0243,FORWAY INDUSTRIES INC.,,FORWAY,*,,0,2,0,1,0
A0244,RETTING ELECTTONICS,,RETTING,,,0,1,0,1,0
A0245,AIRFRAME,,AIRFRAME,,,0,1,0,1,0
A0246,NAVY PUBLIC WORKS CENTER,,NAVY PUB,,,0,1,0,1,0
A0248,"LEAR ASTRONICS, CORP.",,LEAR ASTRO,,,0,1,0,1,0
A0249,OMNI VISION,,OMNIVISION,*,,0,3,0,1,0
A0250,RYCOM,,RYCOM,,,0,1,0,1,0
A0251,DELTRON,,DELTRON,,,0,1,0,1,0
A0252,TAYCO,,TAYCO,,,0,1,0,1,0
A0253,PASAR INC,,PSR,,,0,1,0,1,0
A0254,SIMMONDS PRCISION,,SIMMS,,,0,1,0,1,0
A0255,"TOKIN AMERICA, INC.",,TOKIN,,,0,1,0,1,0
A0256,CRYSTCH CO. LTD,,CRYS,,,0,1,0,1,0
A0257,TANDEM COMPUTERS,,TAND,,,0,1,0,1,0
A0258,AUTOMATIC COIL COR,,AUTO COIL,,,0,1,0,1,0
A0259,INTERCONNECTION PRODUCTS LTD,,IPI,,,0,1,0,1,0
A0260,"MICRO-DYNAMICS, INC",,MDI,,,0,1,0,1,0
A0261,HURRICANE ELECTRIC,,HURRICANE,,,0,1,0,1,0
A0263,BILL FINLEY,,,,,0,1,0,1,0
A0264,ITHACO,,ITHACO,,,0,1,0,1,0
A0265,BELL AND HOWELL,,BELL&HOWEL,,,0,1,0,1,0
A0266,COMBINED SCIENCES CORPORATION,,COMB.SC.,,,0,1,0,1,0
A0267,DIMETRICS INCORPORATED,,DIMETRICS,,,0,1,0,1,0
A0268,C.F. ELECTRONICS,,C.F.ELECT.,,,0,1,0,1,0
A0269,BERTEA,,BERTEA,,,0,1,0,1,0
A0270,TECHNETICS INCORPORATED,,TECHNETICS,,,0,1,0,1,0
A0271,DON L. CRONIN CO.,,CRONIN,,,0,1,0,1,0
A0273,ROCKWELL INTERNATIONAL,,ROCKWELL,,,0,1,0,1,0
A0274,R.D. FABRICATORS,,R.D. FAB.,,,0,1,0,1,0
A0275,X. I. ASSOCIATES,,X.I.ASSOC.,,,0,1,0,1,0
A0276,ALLIED AMEX SYSTEMS,,ALLIED AMX,,,0,1,0,1,0
A0278,TC ELECTRONICS,,TC ELECT.,,,0,1,0,1,0
A0279,AEROMAX INDUSTRIES INC.,,AEROMAX,,,0,0,0,0,0
A0280,ADYN CORPORATION WEST,,ADYN WEST,,,0,1,0,1,0
A0281,D.F. CORPORATION,,D.F. CORP,*,,0,2,0,2,0
A0282,LCF SYSTEMS,,LCF,,,0,1,0,1,0
A0283,TECHNISCHE INDUSTRIEPRODUKTE GM,88/279,TIG,,,0,1,0,1,0
A0291,KAYPRO,,,,,0,1,0,1,0
A0292,ADTECH POWER INC,,API,,,0,1,0,1,0
A0294,MINI MAGNETICS-SEE TOKIN MAG,,MINI MAGNE,,,0,1,0,1,0
A0295,"A.L.E. SYSTEMS,INC.L",,,,,0,1,0,1,0
A0296,GRIFFIN,,,,,0,1,0,1,0
A0297,COMPONENTS SPECIALTIES CORP,,,,,0,1,0,1,0
A0298,JORGE HECHT,,,,,0,1,0,1,0
A0299,UNIVERSAL ASSEMBLY,,UNIASSY,,,0,1,0,1,0
A0300,FFT,,FFT,,,0,1,0,1,0
A0301,MAGNETIC INSTRUMENTATION,,MAG INST,,,0,1,0,1,0
A0303,OVERSEAS PRODUCT PLANNING CORP.,,OVERSEA CO,,,0,1,0,1,0
A0304,TEAM SALES,,TEAM SALES,,,0,1,0,1,0
A0305,ELECTRIC COMPANY,,ELECT CO,,,0,1,0,1,0
A0306,SANTEK,,SANTEK,,,0,1,0,1,0
A0307,TAMSCO MFG,,TAMS,*,,0,1,0,1,0
A0308,KRAUTKRAMER BRANSON,,KRTMR BRAN,,,0,1,0,1,0
A0309,LITE-ON INC.,,LITE-ON,,,0,1,0,1,0
A0310,ALLEN OSBOURNE AND ASSOCIATES,,AL OSB,,,0,1,0,1,0
A0311,VARIAN,,VAR,,,0,1,0,1,0
A0312,INC MAGNETICS,,INC MAGNET,,,0,1,0,1,0
A0314,TEAERO CORPORATION,,TEAERO COR,,,0,1,0,1,0
A0315,LlOYD PEPPER,,,,,0,1,0,1,0
A0316,SAB NIFE,,,,,0,1,0,1,0
A0318,REICH ASSOCIATES,,REICH ASSC,,,0,1,0,1,0
A0319,ISC TECHNOLOGIES,,ISC,,,0,1,0,1,0
A0320,CHECKPOINT SYSTEMS,3451041,CHECKPOINT,,,0,1,0,1,0
A0321,SELENIA,,SELENIA,,,0,1,0,1,0
A0322,VEEDER ROOT COMPANY,,VEEDERROOT,,,0,1,0,1,0
A0323,TECHNO TRADING CORP.,697-4057,TECHNO,,,0,1,0,1,0
A0324,SPECIAL DISTRIBUTORS,,SPECIAL,,,0,1,0,1,0
A0325,"AIR SUPPLY INDUSTRIES, INC.",,AIR SUPPLY,*,,0,3,0,2,0
A0326,"DIXIE AIR PARTS SUPPLY, INC.",,DIXIE AIR,,,0,1,0,1,0
A0327,GE ASTRO SPACE DIVISION,,GE ASTRO,,,0,1,0,1,0
A0328,"POWERTRONICS SYSTEMS, INC.",,POWERTRON,,,0,1,0,1,0
A0329,"MIL-COM ASSOCIATES, INC.",,MILCOM ASS,,,0,3,0,3,0
A0330,DEXTER MAGNETICS MATERIAL DIVIS,,DEXTER MAG,,,0,0,0,0,0
A0331,"INPUT/OUTPUT TECHNOLOGY, INC.",,INPUT,,,0,1,0,1,0
A0333,HEATEC,,HEATEC,,,0,1,0,1,0
A0334,PRECISION TECHNICAL PRODUCTS,,PRECISION,,,0,1,0,1,0
A0335,GE ASTRO-SPACE DIVISION,,GE ASTRO,,,0,0,0,0,0
A0336,POWER TEN,,POWER TEN,,,0,1,0,1,0
A0337,SWIFT FAB,,SWIFT,,,0,0,0,0,0
A0338,NAVAL SUPPLY CENTER,,NAVAL SUP,,,0,1,0,1,0
A0339,HAC-MICRO ELECTRONIC SYSTEMS,,HAC-MSD,,,0,0,0,0,0
A0340,AIR PRECISION CORPORATION,62753471,AIR,,,0,3,0,3,0
A0341,GE AEROSPACE,,GE-AERO,,,0,1,0,1,0
A0342,"TERRAQUIP, INC.",6853084,TERRAQUIP,,,0,1,0,2,0
A0343,FMS CORPORATION,181825,FMS,,,0,1,0,1,0
A0344,"ELECTRO DESIGN MFG., INC.",,ELECTRO D,,,0,0,0,0,0
A0345,COMMERCE OVERSEES CORP.,,COMMERCE,,,0,1,0,1,0
A0346,LOCKHEED AIRCRAFT SERVICE CO.,,LAS,,,0,1,0,1,0
A0347,SPAR AEROSPACE LIMITED,05-822792,SPAR SAS,,,0,1,0,1,0
A0348,SPAR AEROSPACE LTD,053-4714,SPAR DSD,,,0,0,0,0,0
A0349,MYKOTRONX,,MYKOTRONX,,,0,1,0,1,0
A0350,"SYNTRON, INC.",,SYNTRON,,,0,0,0,0,0
A0351,FISCHER IMAGING CORPORATION,,FISCHER.IM,,,0,3,0,2,0
A0352,BRIGHT IMAGE CORPORATION,,BRIGHT.IMG,,,0,3,1800,1,0
A0353,CONDOR D.C. POWER SUPPLY,,CONDOR D.C,,,0,0,0,0,0
A0354,"IEPS ELECTRONIC, INC.",,IEPS,,,0,3,4500,2,0
A0355,BOEHRINGER MANNHEIM,,BOEHRINGER,,,0,1,0,1,0
A0356,"WASATCH HIGH VOLTAGE, INC.",,WASATCH/HV,,,0,3,0,1,0
A0357,"ENGINEERING DESIGN & SALES, INC",,EDS,,,0,1,0,1,0
A0358,"PRIMETEC, INCORPORATED",,PRIMETEC,,,0,3,0,2,0
A0359,TOKO AMERICA,,TOKO/AMER,,,0,0,0,0,0
A0360,HABERSHAM MFG'S AND ASSEMBLERS,,H.M.A.,,,0,3,0,3,100
A0361,E.M.P.I.,,E.M.P.I.,,,0,1,0,1,0
A0362,MICA CORPORATION,,MICA CORP,,,0,1,0,2,0
A0363,WEST COAST MAGNETICS,,WEST C MAG,,,0,0,0,0,0
A0364,"DAY-RAY PRODUCTS, INC.",,DAY-RAY,,,0,1,0,1,0
A0365,"FEDERAL INSULATION OF INDIANA,.",,FED/INSUL,,,0,3,0,2,0
A0366,NATO MAINTENANCE & SUPPLY AGNCY,,NAMSA,,,0,1,0,1,0
A0367,M.S. COIL,,M.S. COIL,,,0,3,0,2,0
A0368,ENCORE INDUSTRIES,,ENCORE,*,,0,2,0,1,0
A0369,SPECTRON DEVELOPMENT LABORATORY,,SPECTRON D,,,0,1,0,1,0
A0370,ELECTRONIC SYSTEM DESIGN,,ESD,,,0,1,0,1,0
A0371,WYLE GINSBURY,,WYLE-GINSB,,,0,1,0,1,0
A0372,CHARLES EVANS & ASSOCIATES,,CHARLES E,,,0,1,0,1,0
A0373,ELYMAT INDUSTRIES,,ELYMAT,,,0,1,0,1,0
A0374,GYYR,(ODETICS),GYYR,,,0,0,0,0,0
A0375,REX SYSTEMS,,REX,,,0,1,0,1,0
A0376,DERCO INDUSTRIES,414 355-3066,DERCO,,,0,1,0,1,0
A0377,FORD AEROSPACE SERVICE,,FORD/A.S.S,,,0,1,0,1,0
A0378,"PNEU DEVICES, INC.",,PDI,,,0,1,0,1,0
A0379,"INTERNATIONAL AEROSPACE, INC.",,IAT,,,0,1,0,1,0
A0380,"NORDEN SERVICE, CO.",,NORDEN,,,0,1,0,2,0
A0381,"SIACO, INC",,SIACO,,,0,1,0,2,0
A0382,"MANUFACTURING TECHNOLOGY, INC.",,MTI,,,0,1,0,1,0
A0384,NAVAL UNDERSEA WARFARE ENG. STA,,NAVAL UWES,,,0,1,0,1,0
A0385,MILCO,,MILCO,,,0,3,0,2,0
A0386,LOGIX SERVICE COMPANY,592905 AMTRADE,LOGIX,,,0,1,0,1,0
A0387,J.L.K. SERVICES,,J.L.K.,,,0,1,0,2,0
A0388,CAL CORPORATION,,CAL CORP,*,,0,1,0,1,0
A0389,CUBIC DEFENSE SYSTEMS,,CUBIC/DEF,,,0,0,0,0,0
A0390,"PACORD,INC",,PACORD,,,0,1,0,2,0
A0391,SINGAPORE TECHNOLOGIES AEROSPAC,,SINGAPORE,,,0,1,0,1,0
A0392,BANTON INDUSTRIES LTD,,BANTON,,,0,3,0,3,100
A0393,DEFENSE ELECTRONIC SYSTEMS,,DESI,,,0,0,0,0,0
A0394,AEROSPACE CONTROLS CORPORATION,,AEROSPACE,,,0,1,0,1,0
A0395,CINCINNATI CONTROL DYNAMICS INC,,CINCI/CONT,,,0,0,0,0,0
A0396,"GE AEROSPACE, DAYTONA BEACH FLA",,GE DATONA,,,0,1,0,1,0
A0398,SUMMIT INDUSTRIES,,SUMMIT/IND,,,0,1,0,1,0
A0399,TELEDYNE ELECTRONICS,,TELEDYNE E,,,0,0,0,0,0
A0400,ALLIED SIGNAL,,ALLIED SIG,,,0,1,0,1,0
A0401,POLYSERV CORPORATION,,POLYSERV,,,0,1,0,2,0
A0402,AIRCRAFT CONCEPTS INT'L,,AIRCRAFTS,,,0,1,0,2,0
A0403,"PACIFICA SERVICES, INC.",,PACIFICA,,,0,1,0,1,0
A0405,HUGHES SPACE & COMM/CEL,,HAC/CEL,,,0,1,0,1,0
A0406,"ADVANCED SEMICONDUCTOR, INC.",,ASI,,,0,1,0,1,0
A0407,"ALPHA ENTERPRISES, INC.",,ALPHA ENT,,,0,1,0,1,0
A0408,ROTAIR INDUSTRIES,,ROTAIR,,,0,0,0,0,0
A0409,AVEX AEROSPACE COPRORATION,,AVEX/AERO,,,0,1,0,1,0
A0410,ECLYPSE INTERNATIONAL,,ECLYPSE,,,0,1,0,1,0
A0411,"OLYMPIC AIR, INC.",,OLYMPICAIR,,,0,1,0,1,0
A0412,"INGALLS SHIPBUILDING, INC.",,INGALLS,,,0,1,0,1,0
A0413,SECHAN ELECTRONICS,,SECHAN,,,0,0,0,0,0
A0414,JAN DEVICES,,JANDEVICES,,,0,0,0,0,0
A0415,"JACO ELECTRONICS, INC.",,JACO,,,0,1,0,1,0
A0416,AIRCRAFT APPLIANCES & EQUIPMENT,,AAE LTD,,,0,1,0,1,0
A0417,ALCATEL I T S INC,,ALCATEL,,,0,1,0,1,0
A0418,MARTIN MARIETTA OCEAN SYSTEMS,,MARTIN/OSO,,,0,0,0,0,0
A0419,MYOTRACK,,MYOTRACK,,,0,1,0,1,0
A0420,TOKIN MAGNETICS,,TOKIN,,,0,0,0,0,0
A0421,POWERCUBE,,POWERCUBE,,,0,1,0,1,0
A0422,OLYMPIC AVIATION,,OLYPC AVIT,,,0,1,0,2,0
A0423,"QUALITY SOLUTIONS, INC.",,QUAL. SOL.,,,0,1,0,1,0
A0424,AEROTECH WORLD TRADE CORP,,AEROTECH,,,0,1,0,1,0
A0425,WEMS,,WEMS,,,0,1,0,1,0
A0426,PETERSON BUILDERS,,PETR/BLDRS,,,0,1,0,1,0
A0427,PRODUCT ASSIST RESOURCES,,PAR,,,0,0,0,0,0
A0428,ACCESSORY SERVICE INC,,ASI,,,0,1,0,2,0
A0429,HELM INTERNATIONAL,,HELM,,,0,0,0,0,0
A0430,DEPARTMENT OF THE AIR FORCE,,AIR FORCE,,,0,0,0,0,0
A0431,"MIDWEST AEROSPACE, LTD",,MIDWEST,,,0,1,0,2,0
A0432,TECH ELECTRONICS,,TECH ELECT,*,,0,2,0,3,0
A0433,HIGHQUE CO,,HIGHQUE,,,0,1,0,3,100
A0434,WESCO MANUFACTURING INC.,,WESCO,,,0,1,0,1,0
A0435,FIDELITY TECHNOLOGIES CORP,,FIEDLITY T,,,0,0,0,0,0
A0436,LOGISYS,,LOGISYS,,,0,0,0,0,0
A0437,DFAS-COLUMBUS CENTER,,DFAS-EL SG,,,0,1,0,1,0
A0438,CMDR DCMAO EL SEGUNDO,,DCMAO ELSG,,,0,1,0,1,0
A0439,GRUMMAN ST. AUGINSTINE CORP.,,GRUMMAN,,,0,1,0,1,0
A0440,ELEKLUFT,,ELEKLUFT,,,0,1,0,1,0
A0441,SYSCON,,SYSCON,,,0,1,0,1,0
A0442,"AIRCRAFT SUPPLIES, INC.",,AIRCFTSUP,,,0,1,0,1,0
A0443,INDUSTRIAL PARTS CORP.,,I.P.C.,,,0,1,0,1,0
A0444,"ANCHOR BAY COMMUNICATIONS, INC.",,ANCHOR BAY,,,0,1,0,1,0
A0445,UNIVERSITY OF SOUTHERN CALIFORN,,U.S.C.,,,0,1,0,1,0
A0446,INSTRUMENT TECH CORP,,IT,,,0,1,0,1,0
A0447,"ANA TRADING CORP., U.S.A.",,ANA TRADNG,,,0,1,0,1,0
A0448,MARINE CORP./BARSTOW,,MARINES,,,0,0,0,0,0
A0449,HONEYWELL REGELERATE Gmbh,,HONEYWEL/G,,,0,0,0,0,0
A0450,DEPARTMENT OF THE AIRFORCE,,AIRFORCE,,,0,1,0,1,0
A0451,WHEELER BROTHERS,,WHEELER BR,,,0,1,0,1,0
A0452,CLEARWATER TRUCKING INC.,,,,,0,0,0,0,0
A0453,WACKID RADIO,,WACKID,,,0,1,0,1,0
A0454,"TELENAV INTERNATIONAL, INC",,TELENAV,,,0,1,0,1,0
A0455,BANNER AIRCRAFT INTERNATIONAL,,BANNER,,,0,1,0,1,0
A0456,ETA TECHNOLOGIES COMPANY,,ETA/EPI,,,0,1,0,1,0
A0457,MAC AEROSPACE CORPORATION,,MAC/AERO,,,0,1,0,1,0
A0458,PRODUCT TECHNOLOGY,,PROD/TECH,,,0,1,0,1,0
A0459,AERO INTERNATIONAL,,AERO/INTNL,,,0,1,0,1,0
A0460,OMNI PRO ELECTRONICS,,OMNI PRO,,,0,1,0,1,0
A0461,"PRECISION ELECTRONICS,  INC",,PRECISION,,,0,1,0,2,0
A0462,COMMONWEALTH OF AUSTRALIA,,AUSTRALIA,,,0,1,0,1,0
A0463,"PACIFIC AIR LOGISTICS, INC.",,PACIFICAIR,,,0,1,0,1,0
A0464,PHOTO ACOUSTIC TECHNOLOGY,,PHOTO ACOU,,,0,0,0,0,0
A0465,HONEYWELL LIMITED,,HONYWL.LTD,,,0,0,0,0,0
A0466,AERO & MILITARY PRODUCTS P/L,,AERO & MIL,,,0,0,0,0,0
A0467,DETAIL AVIATION SUPPLIES,,DETAIL AV,,,0,1,0,1,0
A0468,TWELVETREES ASSOCIATES,,TWELVETREE,,,0,1,0,1,0
A0469,"PATTERSON COONEY, INC.",,P/COONEY,,,0,1,0,1,0
A0471,"ARINC, Incorporated",,ARINC,,,0,2,0,3,0
A0472,RAYTHEON MIDDLE EAST SYSTEM CO.,,RAYMES,,,0,1,0,1,0
A0473,"RENZCO, INC.",,RENZCO,,,0,1,0,2,0
A0474,"KOEHLKE COMPONENTS, INC.",,KOEHLKE,,,0,1,0,1,0
A0475,AMD LIMITED,,AMD LTD,,,0,1,0,1,0
A0476,NORCATEC LLC.,,NORCA,,,0,1,0,1,0
A0477,SANDIA NATIONAL LABORATORIES,,SANDIA LAB,,,0,1,0,1,0
A0478,STRATEGIC PROCUREMENT SERVICES,,"SPS, INC.",,,0,1,0,1,0
A0479,"RPA ELECTRONICS, INC.",,RPA,,,0,1,0,1,0
A0480,MAGSCO,,MAGSCO,,,0,1,0,1,0
A0481,HUGHES SANTA BARBARA RESEARCH,,HUGHES/SB,,,0,1,0,1,0
A0482,"CARVER SUPPLY, INC.",,CARVER,,,0,1,0,1,0
A0483,"BEI SENSORS AND SYSTEMS CO, INC",,BEI,,,0,1,0,1,0
A0484,"LITTON SYSTEMS, INC.",,LITTONDATA,,,0,0,0,0,0
A0485,"HUGHES GEORGIA, INC.",,HUGHES/GA,,,0,1,0,1,0
A0487,"SEATTLE AERO, INC.",,SEATTLE/AR,,,0,3,1200,1,0
A0488,DU COM ELECTRO,,DU COM,,,0,1,0,1,0
A0489,SETCOM (USA),,SETCOM,,,0,1,0,2,0
A0490,RAYTHEON SERVICE CENTER,,RAY/ELPASO,,,0,1,0,1,0
A0491,KENSCOTT LIMITED,,KENSCOTT,,,0,1,0,1,0
A0492,"UNIQUE UNION, INC.",,UNIQUE UNI,,,0,1,0,1,0
A0493,TYNEMOUNT LTD,,TYNEMOUNT,,,0,1,0,1,0
A0494,ADVANCED POLLUTION INSTRUMENTS,,A P I,,,0,1,0,1,0
A0495,ASTRO FLIGHT,,ASTRO FLT,,,0,0,0,0,0
A0496,A V X  FILTERS CORP,,A V X,,,0,0,0,0,0
A0497,BABCOCK,,BABCOCK,,,0,1,0,1,0
A0498,BAKER INSTRUMENT CO.,,BAKER INST,,,0,1,0,1,0
A0499,"BAI, INC.",,BAI,,,0,1,0,1,0
A0500,M INTERNATIONAL EXPORT (MINTEX),,MINTEX INC,,,0,1,0,1,0
A0501,XETRON,,XETRON,,,0,1,0,1,0
A0502,LST INTERNATIONAL,,LST INTNL,,,0,1,0,3,100
A0503,"PALOMAR PRODUCTS, INC",,PALOMAR,,,0,1,0,1,0
A0504,ADVANCED MOTION CONTROLS,,ADVNCD/MOT,,,0,1,0,1,0
A0505,AVIARMS SUPPORT GROUP,,AVIARMS,,,0,1,0,1,0
A0506,RAYTHEON SYSTEMS CO/CHULA VISTA,,RAYTHN/CHV,,,0,1,0,1,0
A0507,BORISCH MANUFACTURING CORP,,BORISCH,,,0,1,0,1,0
A0508,RAMP INDUSTRIES,,RAMP,*,,0,3,0,3,0
A0509,NORTHROP GRUMMAN,,NORTHROP G,,,0,1,0,1,0
A0510,DCMO EL SEGUNDO,,DCMO/ES,,,0,0,0,0,0
A0511,Kg Magnetics,,Kg. Mag.,,,0,0,0,0,0
A0512,KARL STORZ,,KARL STORZ,,,0,1,0,1,0
A0513,I L N  TECHNOLOGY,,ILN,,,0,1,0,1,0
A0514,HUGHES INFORMATION TECH SYS,,HUGHES/CO,,,0,1,0,1,0
A0515,"CREATIVE PATHWAYS, INC.",,CREATIVE P,,,0,1,0,2,0
A0516,3DBM,,3DBM,,,0,1,0,1,0
A0517,MATSUSHITA AVIONICS SYSTEMS,,MATSUSHITA,,,0,1,0,1,0
A0518,WESTGATE SYSTEMS,,WESTGATE S,,,0,0,0,0,0
A0519,"LCL ELECTRONICS, INC.",,LCL ELECT,,,0,0,0,0,0
A0520,PROTRONICS CORP.,,PROTRONICS,,,0,1,0,2,0
A0521,S.O.I. AVIATION,,S.O.I.,,,0,1,0,2,0
A0522,NCCOSC RDTE DIVISION,,NAVY,,,0,1,0,1,0
A0523,"RADIO, INC.",,"RADIO, INC",,,0,1,0,1,0
A0524,EG&G POWER SYSTEMS,,EG&G POWER,,,0,0,0,0,0
A0525,THE RITCHIE GROUP,,RITCHIE/GR,,,0,1,0,3,100
A0526,"BRIGHT LIGHTS USA, INC.",,BRT/LIGHTS,,,0,0,0,0,0
A0527,TRANDES CORP.,,TRANDES,,,0,1,0,1,0
A0528,COMPONENT ASSEMBLY CORPORATION,,COMPNT/ASY,,,0,0,0,0,0
A0529,BAKER & ASSOCIATES,937 439-4708,BAKER ASSO,,,0,1,0,1,0
A0530,"EFW, INC.",,EFW,,,0,1,0,1,0
A0531,"R & B AIRCRAFT SUPPLY, INC.",,R & B AIR,,,0,1,0,1,0
A0532,"ELNETICS, INC.",,ELNETICS,,,0,1,0,1,0
A0533,STROBE-O-MATIC,,STROBE-O-M,,,0,1,0,1,0
A0534,K.A.L. AVIATION,,K.A.L.,,,0,1,0,2,0
A0535,"RUTA SUPPLIES, INC.",,RUTA SUPPL,,,0,1,0,1,0
A0536,DAIMLER BENZ,,DAIMLER,,,0,1,0,1,0
A0537,HUGHES ELECTRONIC MFG SERVICE,,HAC/EEMSA,,,0,1,0,1,0
A0538,PACIFIC PRECISION,,PPI,,,0,1,0,1,0
A0539,SCI SYSTEMS,,SCI/SYST,,,0,1,0,1,0
A0540,HONEYWELL MILITARY AVIATION,,HONY/MILAV,,,0,1,0,1,0
A0541,BETA TRANSFORMER TECH.,,BETA,,,0,1,0,1,0
A0542,DCMC VAN NUYS-EL SEGUNDO,,DCMC,,,0,1,0,1,0
A0543,HUGHES SO. CAROLINA,,HAC S.C.,,,0,1,0,1,0
A0544,SIGNAL TECH DIV. CRANE AEROSPCE,,SIGNAL,,,0,1,0,1,0
A0545,MASSACHUSETTS INSTITUTE TECH.,,MIT,,,0,0,0,0,0
A0546,PRIME TECHNOLOGY CORPORATION,,PRIMETCORP,,,0,1,0,1,0
A0547,RATHEON COMPANY,,RAYTHEON C,,,0,1,0,1,0
A0548,PULAU ELECTRONICS,,PULAU,,,0,1,0,1,0
A0549,"JENCON ASSOCIATES, INC.",215 706-4010,JENCON,*,,0,2,0,3,100
A0550,"JGB ENTERPRISES, INC.",315 451-2770,JGB,,,0,1,0,1,0
A0551,KUCHERA DEFENSE SYSTEMS,,KUCHERA,,,0,1,0,1,0
A0552,AMAC CORPORATION,,AMAC,,,0,1,0,1,0
A0553,"SUPERSONIC SERVICES, INC.",,SUPERSONIC,,,0,1,0,2,0
A0554,GYRO SYSTEMS CO.,,GYRO SYST,,,0,1,0,1,0
A0555,ADVANCED DEFENSE TECHNOLOGIES,,ADT INC,,,0,1,0,2,0
A0556,INDUSTRIAL SPECIALISTS,,IND/SPEC,,,0,1,0,1,0
A0558,"L3HARRIS TECHNOLOGIES, INC.",,L3HARRIS,,,0,1,0,1,0
A0559,L-3 COMMUNICATION SYSTEMS WEST,,L-3 COMM,,,0,1,0,1,0
A0560,SMTEK,,SMTEK,,,0,1,0,1,0
A0561,TEXTRON SYSTEMS DIVISION,,TEXTRON,,,0,1,0,1,0
A0562,GENERAL TECHNOLOGY CORP,,GENERAL T,,,0,1,0,1,0
A0563,CATERPILLAR,,CATERPILL,,,0,1,0,1,0
A0564,CAMAR AIRCRAFT PARTS COMPANY,,CAMAR AIR,,,0,1,0,1,0
A0566,COBRA INTERNATIONAL LTD,,COBRA INTL,,,0,1,0,2,0
A0567,C.P.S. INTERNATIONAL LTD,,C.P.S.,,,0,1,0,1,0
A0568,THE GAMMON GROUP,,GAMMON,,,0,1,0,1,0
A0569,ADVANCE CHIP MAGNETICS,,ACM,,,0,0,0,0,0
A0570,"SYSTEMS & ELECTRONICS, INC.",,SEI,,,0,1,0,1,0
A0571,AVIATION SUPPORT INTERNATIONAL,,AVIAT/SUP,,,0,1,0,1,0
A0572,LEDA CORPORATION,,LEDA CORP,,,0,1,0,1,0
A0573,"AUTODYNE MFG CO., INC",,AUTODYNE,,,0,1,0,1,0
A0574,NORTHGATE ELECTRONIC COMPONENTS,,NORTHGATE,,,0,1,0,1,0
A0575,"ASCHBACHER AND ASSOCIATES, INC.",937 252-7785,ASCHBACHER,,,0,0,0,0,0
A0576,RAYTHEON SYSTEMS GEORGIA,,RAYTHN GA,,,0,1,0,1,0
A0578,GTE,,GTE,,,0,0,0,0,0
A0579,ROGERSON KRATOS,,R/KRATOS,,,0,1,0,1,0
A0580,RAYTHEON SYSTEMS CO./S.E.S.,,RAYTHN/SES,,,0,1,0,1,0
A0581,NEWPORT CORPORATION,,NEWPORT CO,,,0,1,0,1,0
A0582,EFTC CORPORATION,,EFTC CORP,,,0,1,0,1,0
A0583,CONTINENTAL ELECTRONICS,,CONT.ELECT,,,0,1,0,1,0
A0584,WASHINGTON AIRTECH,,WASH/AIR,,,0,0,0,0,0
A0585,CENTURY ELECTRONICS LTD,,CENTURYLTD,,,0,1,0,1,0
A0586,"RAYTHEON TI SYSTEMS, INC.",,RAYTHN/TI,,,0,1,0,1,0
A0587,ROYER LABS,,ROYER LABS,,,0,1,0,1,0
A0588,NCIL,,NCIL,,,0,1,0,1,0
A0589,DYNA-TECH INTERNATIONAL,,DYNA-TECH,,,0,1,0,1,0
A0590,"BURGETT, INC.",,BURGETT,,,0,1,0,1,0
A0591,MEREX INCORPORATED,,MEREX,,,0,0,0,0,0
A0592,PHONEX,,PHONEX,,,0,1,0,1,0
A0593,"WE IMAGINE, INC.",,WE IMAGINE,,,0,1,0,1,0
A0594,UNIQUE INTERNATIONAL EXPORTING,,UNIQUE INT,,,0,1,0,1,0
A0595,GROUP TECHNOLOGIES,,GROUP TECH,,,0,1,0,1,0
A0596,RAYTHEON SYSTEMS MISSISSIPPI,,RAYTH/MISS,,,0,1,0,1,0
A0597,RPC TECHNOLOGIES,,RPC TECH,,,0,1,0,1,0
A0598,"AUDIO TREK, INC.",,AUDIO TREK,,,0,1,0,1,0
A0599,A.L. ELECTRONICS,,A.L.ELCTRN,,,0,1,0,1,0
A0600,"TRIMAN INDUSTRIES, INC.",,TRIMAN/IND,,,0,0,0,0,0
A0601,NH RESEARCH INCORPORATED,,NH RESRCH,,,0,1,0,1,0
A0602,RAYTHEON SYST CO SOUTH CAROLINA,,RAYTH/S.C.,,,0,0,0,0,0
A0603,GRALEM ENTERPRISES,,GRALEM,,,0,0,0,0,0
A0604,MEVEX CORPORATION,,MEVEX CORP,,,0,0,0,0,0
A0605,KEMPER SERVICES,,KEMPER,,,0,0,0,0,0
A0606,"INTERNATIONAL ENTERPRISES, INC.",,INTERNATIO,,,0,1,0,1,0
A0607,COMPUTER ACCESSORIES CORP.,,CAC,,,0,0,0,0,0
A0608,BRISTOW INSTRUMENTS,,BRISTOW,,,0,0,0,0,0
A0609,KWL INDUSTRIAL COMPANY,,KWL,,,0,0,0,0,0
A0611,TOBYHANNA ARMY DEPOT,,TOBYHANNA,,,0,1,0,1,0
A0612,"McDONALD INDUSTRIES, INC.",,MIPS,,,0,1,0,1,0
A0613,ATLANTIC FLEET SUPPORT CENTER,,NAVY,,,0,1,0,1,0
A0614,SOUTH WAVERLY BOROUGH,,SOUTH WAVE,,,0,1,0,1,0
A0615,MILSPEC SERVICES LTD,,MILSPEC,,,0,1,0,1,0
A0616,ABSOLUTE COMPONENTS,,ABSOLUTE,,,0,1,0,2,0
A0617,AIRTECH ELECTRONICS INC.,,AIRTECH,,,0,1,0,3,100
A0618,AVDOR,,AVDOR,,,0,1,0,1,0
A0619,MD ROBOTICS,,MDROBOTICS,,,0,1,0,1,0
A0620,JOHNS HOPKINS UNIVERSITY,,JOHNS HOPK,,,0,1,0,3,100
A0621,W.J. COMPANY,,WJ COMPANY,,,0,3,0,3,100
A0622,MALIN SPACE SCIENCE SYSTEMS,,MSSS,,,0,1,0,3,100
A0623,GLOBE ELECTRONICS,,GLOBE ELEC,,,0,1,0,1,0
A0624,"TOPAZ SYSTEMS, INC.",,TOPAZ SYST,,,0,1,0,1,0
A0625,PARMATIC FILTER CORPORATION,,PARMATIC,,,0,0,0,0,0
A0626,AMERICAN CORES & ELECTRONICS,,AMERICAN C,,,0,1,0,1,0
A0627,FRESCO INTERNATIONAL CORP,,FRESCO,,,0,1,0,1,0
A0628,CELESTICA INC,,CELESTICA,,,0,1,0,1,0
A0629,PACIFIC IC SOURCE,,PACIFIC IC,,,0,1,0,1,0
A0630,BROTHERS ELECTRONICS,,BROTHERS,,,0,1,0,1,0
A2548,TRW/EOS,310 812-0513,TRW/EOS,,,0,1,0,1,0
A4549,FINE PITCH ASSEMBLY,909 948-2156,,,,0,0,0,0,0
A5428,"MM-TECH, INC.",,MM-TECH,,,0,0,0,0,0
A5467,ARC,603 883-3027,ARC,,,0,1,0,1,0
A5551,ARROW/ZEUS ELECTRONICS,914 701-4245,ARROW/ZEUS,,,0,1,0,1,0
A5627,RAYTHEON TECHNICAL SERVICES,317 306-4152,RAYTHEON,,,0,1,0,1,0
A5642,RAYTHEON SYSTEMS COMPANY TUCSON,520 794-7536,RAYTHEON,,,0,1,0,1,0
A5654,KEARFOTT GUIDANCE & NAVIAGTIOR,973 785-5381,KEARFOTT,,,0,1,0,1,0
A5688,TAYLOR ELECTRONICS,415884-4956,TAYLOR,,,0,1,0,1,0
A6598,AMACI ELECTRONICS,520 881-8081,AMACI,,,0,0,0,0,0
A7845,APEX MICROTECHNOLOGY CORP,520 690-8600,APEX,,,0,0,0,0,0
A7846,ASTRONAUTICS CORP. OF AMERICA,,ASTRONAUTC,,,0,0,0,0,0
A7847,AMIDON,,AMIDON,,,0,1,0,1,0
A9969,ICDI,203 753-8551,ICDI,*,,0,1,0,3,100
B0001,ABSOPULSE ELECTRONICS LTD.,,ABL,,,0,1,0,1,0
B0002,"ARTTED CO., INC.",,ARTTED,,,0,1,0,1,0
B0003,"ANNIMATE SYSTEMS, INC.",,ANNIMATE,,,0,3,5000,2,0
B0004,"ADVANCE GROUP, THE",,ADVANCE GR,,,0,1,0,1,0
B0005,A T & T MICROELECTRONICS,,A T & T,,,0,3,8000,3,50
B0006,AMSCO,708-439-8190,AMSCO,,,0,1,0,1,0
B0007,ABEL ELECTRONICS CORP,,ABEL ELECT,,,0,3,1500,2,0
B0008,"AEG BAYLY, INC.",,AEG BAYLY,,,0,1,0,1,0
B0009,APOLLO MAGNETICS CORP,,APOLLO,*,>TEAM,0,2,0,1,0
B0010,ADVANCED ANALOG,,ADVANCEDAN,,>TEAM,0,1,0,1,0
B0011,ASCENSION TECHNOLOGY CORP,,ASCENSION,,,0,0,0,0,0
B0012,AC/DC ELECTRONICS,350227,AC/DC,,,0,1,0,1,0
B0013,ATOMIC ENERGY OF CANADA LIMITED,,ATOMC/CAN.,,,0,1,0,1,0
B0014,"ALASKA BIOMEDICAL SERVICES, INC",,ALASKA/BIO,,,0,3,0,2,0
B0015,BASLER ELECTRIC CO.,,BASLER,,,0,1,0,1,0
B0016,B AND R ELECTRONICS,,B AND R,,,0,0,0,0,0
B0017,BICRON ELECTRONICS CO.,,BICRON,,,0,0,0,0,0
B0018,MODULAR COMMUNICATION SYSTEMS,,MODULAR CM,,,0,0,0,0,0
B0019,BIKOR CORPORATION,,BIKOR,,,0,3,1500,2,0
B0020,"CHEROKEE INTERNATIONAL, INC.",,CHEROKEE,,,0,1,0,1,0
B0021,"COIL SHOP, INC.",,COILSHOP,,,0,3,500,2,0
B0022,CORONA PLASTICS,,CORONA P,,,0,3,2000,2,0
B0023,COMPUTER PRODUCTS P.C.E.,,COMPTRPROD,,,0,0,0,0,0
B0024,COMPAQ ASIA PTE LIMITED,,COMPAQASIA,,,0,3,2000,3,100
B0025,SKURKA ENGINEERING,,SKURKA,,,0,1,0,1,0
B0026,BELL HELICOPTER,,BELL HELI,,,0,1,0,1,0
B0027,TRANSFORMER TECHNICIANS,,TRANSTECHS,,,0,1,0,1,0
B0028,ELECTRONIC SERVICES,,ELECTRNSRV,,,0,0,0,0,0
B0029,C.W. ENTERPRISES,,C.W.ENTERP,,,0,0,0,0,0
B0030,C.S. PRECISION,,C.S. PREC,,,0,0,0,0,0
B0031,CONVERTER POWER,,CONVTRPOWR,,,0,0,0,0,0
B0032,CONVERSION DEVICES,,CONVRSN DV,,,0,0,0,0,0
B0033,DATATRON SYSTEMS,,DATATRON,,,0,0,0,0,0
B0034,DIGITAL EQUIPMENT,,DIGITAL EQ,,,0,1,0,1,0
B0035,DIGITAL POWER,,DIGITAP PW,,,0,0,0,0,0
B0036,DXL INTERNATIONAL,,DXL INTNL,,,0,3,0,2,0
B0037,ELECTRONIC TRANSFORMER SERVICE,,ELECT.T.S.,,,0,1,0,1,0
B0038,"ELECTROMAG, S.A. de C.V.",,ELECTROMAG,,,0,3,0,3,0
B0039,EXCEL ELECTRIC,,EXCEL ELEC,,,0,0,0,0,0
B0040,FIVE STAR,,FIVE STAR,,,0,1,0,1,0
B0041,"FLOYD BELL, INC.",,FLOYD BELL,,,0,1,0,1,0
B0042,"GEOCENTERS, INC.",,GEOCENTERS,,,0,1,0,1,0
B0043,G.W. LISK,,G.W. LISK,,,0,1,0,1,0
B0044,MAGNETIC SENSORS,,MAGSENSORS,,,0,1,0,1,0
B0045,LH RESEARCH,,L.H. RSRCH,,>TEAM,0,1,0,1,0
B0046,REMTEC SYSTEMS,310 352-4370,REMTEC,,,0,1,0,1,0
B0047,ITT CONOFLOW,,ITT CONFLW,,,0,1,0,1,0
B0048,COMPONENTS ASSEMBLY CORPORATION,,COMPONENTS,,,0,0,0,0,0
B0049,ITT POWER SYSTEMS CORP,,ITT POWER,,,0,0,0,0,0
B0050,LAWRENCE LIVERMORE LABS,,LIVERMORE,,,0,0,0,0,0
B0051,LAMBDA SEMICONDUCTORS,,LAMBDA,,,0,0,0,0,0
B0052,LITTON SYSTEMS,,LITTON/SYS,,,0,0,0,0,0
B0053,MAGNETROP INC.,,MAGNETROP,,,0,3,0,2,0
B0054,HERLEY MICROWAVE,,HERLYMICRO,,,0,3,0,2,0
B0055,H.D.L. RESEARCH LABS,,HDL/RESRCH,,,0,0,0,0,0
B0056,"HEWLETT-PACKARD, ANDOVER DIV.",,HEWLETT/AN,,,0,0,0,0,0
B0057,NavCom Devense Electronics Inc.,,NAVCOM,,,0,0,0,0,0
B0058,PILOT ELECTRONICS,,PILOT/ELEC,,,0,0,0,0,0
B0059,LUCAS WESTERN (ESD),,LUCAS WEST,,,0,1,0,1,0
B0060,METRICOM,,METRICOM,,,0,0,0,0,0
B0061,CHAMPION AVIATION PRODUCTS GRP.,,CHAMPION A,,,0,0,0,0,0
B0062,ITRI,,ITRI,,,0,0,0,0,0
B0063,NATIONAL AERONAUTICS & SPACE AD,,NASA,,,0,0,0,0,0
B0064,SKYLINE ENGINEERING,,SKYLINE,,,0,0,0,0,0
B0065,"TECTROL, INC.",,TECTROL,,,0,0,0,0,0
B0066,"VALOR ELECTRONICS, INC.",,VALOR,,,0,0,0,0,0
B0067,"POTTER & BRUMFIELD, INC.",,P & B,,,0,0,0,0,0
B0068,"ELECTRO TECHNOLOGY, INC.",,ELECTRO T,,,0,3,0,2,0
B0069,TOROTEL PRODUCTS,,TOROTEL,,,0,0,0,0,0
B0070,SOUTH AMERICAN DEVELOPMENT CORP,,SOUTH AMER,,,0,0,0,0,0
B0071,AG COMMUNICATION SYSTEMS CORP.,,AG COMMUNI,,,0,0,0,0,0
B0072,VITEC ELECTRONICS CORP.,,VITEC,,,0,0,0,0,0
B0073,"MANUTECH ASSEMBLY, INC.",,MANUTECH,,,0,3,0,2,0
B0074,DELTROL CONTROLS,,DELTROL,,,0,1,0,1,0
B0075,PHYSICAL SCIENCE LAB/N.M.S.UNIV,,NMSU,,,0,0,0,0,0
B0076,R.L. COMPONENTS,,R.L. COMP,,,0,3,0,2,0
B0077,C.G. RICHTER,,C.G. RICHT,,TEAM,0,0,0,0,0
B0078,"ASTRO INSTRUMENT, CORPORATION",,ASTRO INST,,,0,0,0,0,0
B0079,"CABLETRON SYSTEMS, INC.",,CABLETRON,,,0,0,0,0,0
B0080,MILWAUKEE RESISTOR CORP.,,MILWAUKEE,,B0006,0,0,0,0,0
B0081,LUCAS SCHAEVITZ INC.,,LUCAS SCHA,,,0,0,0,0,0
B0082,RADCAL CORP,,RADCAL,,,0,0,0,0,0
B0083,MAGNETEK CONTROLS,,MAGNETEK,,,0,0,0,0,0
B0084,ELECTRONIC CORP. OF AMERICA,,ECA,,,0,0,0,0,0
B0085,BELTRONICS CORPORATION,,BELTRONICS,,B0006,0,0,0,0,0
B0086,ABBOT TECHNOLOGY,,ABBOTT,,,0,3,0,3,100
B0087,"LUCAS LEDEX, INC.",,LUCASLEDEX,,,0,0,0,0,0
B0088,VALIDYNE ENGINEERING CORP.,,VALIDYNE,,,0,0,0,0,0
B0089,"DIMARZIO, INC.",,DIMARZIO,,,0,0,0,0,0
B0090,"AIRMAR TECHNOLOGY, CORP.",,AIRMAR,,,0,0,0,0,0
B0091,EATON HEINEMANN PRODUCTS,,HEINEMANN,,,0,0,0,0,0
B0092,EGLIN AIRFORCE BASE,,EGLIN AFB,,,0,0,0,0,0
B0093,METROTECH CORPORATION,,METROTECH,,>TEAM,0,0,0,0,0
B0094,"ENERPRO, INC.",,ENERPRO,,,0,0,0,0,0
B0095,ELECTRONIC TRANSFORMER CORP.,,ELECTRONIC,*,,0,2,0,1,0
B0096,TECATE INDUSTRIES INC.,,TECATE,,>TEAM,0,0,0,0,0
B0097,MOMENTA CORPORATION,,MOMENTA,,,0,0,0,0,0
B0098,APPLIED LIGHTING CONCEPTS,,APPLIED,,,0,3,0,2,0
B0099,"N.C.I.L., INC./NEONICS",,N.C.I.L.,,,0,0,0,0,0
B0100,ADVANCED ENERGY INDUSTRIES,,ADVANCED E,,,0,0,0,0,0
B0101,TANDON ASSOCIATES,,TANDON,,,0,0,0,0,0
B0102,"JAMES ELECTRONICS, INC.",,JAMES,*,,0,2,0,1,0
B0103,JETRONICS,,JETRONICS,,,0,0,0,0,0
B0104,"LUCAS-MILHAUPT, INC.",,LUCAS-MILH,,,0,0,0,0,0
B0105,ALFRED E. MANN FOUNDATION,,ALFRED E,,,0,0,0,0,0
B0106,FLEXMEDICS CORPORATION,,FLEXMEDICS,,,0,0,0,0,0
B0107,"J S W, COMPANY",,JSW CO,,,0,0,0,0,0
B0108,"ELECTRIC TRANSFORMERS, INC.",,E T I,,,0,3,0,3,100
B0109,"METRIC SYSTEMS, CORPORATION",,METRIC SYS,,,0,0,0,0,0
B0110,DAVID S. TERNENT,,DAVID,,,0,0,0,0,0
B0111,"ACTOWN-ELECTROCOIL, INC.",,ACTOWN,,,0,0,0,0,0
B0112,INGLOT ELECTRONICS CORPORATION,,INGLOT,,,0,0,0,0,0
B0113,MUNIX CORPORATION,,MUNIX,,,0,0,0,0,0
B0114,"ULTRAMET, INC.",,ULTRAMET,,,0,0,0,0,0
B0115,FOREST ELECTRIC COMPANY,,FOREST,,,0,0,0,0,0
B0116,"SOUTH HAVEN COIL, INC.",,SOUTH HAVE,,,0,0,0,0,0
B0117,RELIABLE POWER,,RELIABLE,,,0,3,0,2,0
B0118,"ELECTRONIC PRECISION SPEC., INC",,E. P. S.,,,0,0,0,0,0
B0119,ABBOTT CRITICAL CARE & CONTROL,,ABBOT CRIT,,,0,0,0,0,0
B0120,CAMBRIDGE ELECTRONICS LABS.,,CAMBRIDGE,,,0,0,0,0,0
B0121,DIABLO SCIENTIFIC LABORATORIES,,DSL,,,0,0,0,0,0
B0122,"TITAN DYNAMICS, INC.",,TITAN,,,0,0,0,0,0
B0123,SIERRA TRANSFORMER,,SIERRA,,,0,0,0,0,0
B0124,OVENS COMPANY,,KEN OVENS,,,0,0,0,0,0
B0125,ABB PUERTO RICO POWER T&D CO.,,ABB,,,0,0,0,0,0
B0126,PROGRESSIVE ELECTRONICS INC.,,PROGRESSIV,,,0,0,0,0,0
B0127,CAPTOR CORPORATION,,CAPTOR,,,0,0,0,0,0
B0128,ORAM HIGH VOLTAGE,,ORAM,,,0,0,0,0,0
B0129,TECAL CORPORATION,,TECAL,*,,0,2,0,1,0
B0130,CONCEPT VISION,,CONCEPT,,,0,0,0,0,0
B0131,"ELMACO, INC.",,ELMACO,,,0,0,0,0,0
B0132,VALMONT ELECTRIC,,VALMONT,,,0,0,0,0,0
B0133,LAMBANG HIDUP LIMITED,,LAMBANG,,,0,0,0,0,0
B0134,"TRANSFAB TRANSFORMERS, INC.",,TRANSFAB,,,0,0,0,0,0
B0135,DATA DISPLAY SYSTEM,,DATA DISPL,*,,0,2,0,1,0
B0136,CHLORIDE EL PASO,,CHLORIDE,,,0,0,0,0,0
B0137,"PYLON ATLANTIC, INC.",,PYLON,,,0,0,0,0,0
B0138,CLIFTON PRECISION-NORTH/LITTON,,CLIFTON,,,0,0,0,0,0
B0139,TRENCH ELECTRIC,,TRENCH ELE,,,0,0,0,0,0
B0140,TERABIT COMPUTER ENGINEERING,,TERABIT,,,0,3,0,2,0
B0141,"SMITH SYSTEMS, INC.",,SMITH SYST,,,0,0,0,0,0
B0142,ADVANCE TRANSFORMER DIVISION,,ADVANCE TR,,,0,0,0,0,0
B0143,"CLASSIC COIL CO, INC.",,CLASSIC CO,,,0,0,0,0,0
B0144,RIEDON,,RIEDON,,,0,0,0,0,0
B0145,TRIMBLE NAVIGATION LTD,,TRIMBLE,,,0,0,0,0,0
B0146,AMSCO/MINNESOTA,,AMSCO MINN,,,0,0,0,0,0
B0147,COMPONENTS ASSEMBLY CORP.,,COMPONENTS,,,0,0,0,0,0
B0148,CHRYSLER CORPORATION,,CHRYSLER,,,0,0,0,0,0
B0149,BODINE,,BODINE,,,0,0,0,0,0
B0150,"TRANEX, INC.",,TRANEX,,,0,0,0,0,0
B0151,ROTAD INCORPORATED,,ROTAD,,,0,0,0,0,0
B0152,"GFS MANUFACTURING COMPANY, INC.",,GFS MANUFA,*,,0,3,0,2,0
B0153,"G & S TITANIUM, INC.",,G & S TITA,,,0,0,0,0,0
B0154,GT DEVELOPMENT,,GT DEVELOP,,,0,0,0,0,0
B0155,UNIPOWER CORP.,,UNIMAR,*,,0,2,0,2,0
B0156,"H-W FAIRWAY INTERNATIONAL, INC.",,H-W FAIRWA,,,0,0,0,0,0
B0157,PRECISE TECHNOLOGY & ELECTRONCS,,PRECISE TE,*,,0,2,0,1,0
B0158,CARIBE INDUSTRIES CORPORATION,,CARIBE IND,,,0,0,0,0,0
B0159,"ATC-FROST MAGNETICS, INC.",,ATC-FROST,,,0,1,0,1,0
B0160,IMC MAGNETICS CORPORATION,,IMC MAGNET,,,0,0,0,0,0
B0161,POWER-ONE INCORPORATED,,POWER-ONE,,,0,0,0,0,0
B0162,VISION ENGINEERING,,VISN ENGR,,,0,0,0,0,0
B0163,NORTHWEST MARINE TECHNOLOGY,,NORTHWEST,,,0,0,0,0,0
B0164,"ASTEC AMERICA, INC.",,ASTEC,,,0,0,0,0,0
B0165,SOUTHWEST RESEARCH INSTITUTE,,SOUTHWEST,,,0,1,0,1,0
B0166,CALCOMP DIGITIZER PRODUCTS GRP.,,CALCOMP,,,0,0,0,0,0
B0167,DATA DELAY,,,,,0,0,0,0,0
B0168,RMS ELECTRONICS,,R M S,,,0,0,0,0,0
B0169,"ATLANTIC MAGNETICS, INC.",,ATALNTIC M,,,0,0,0,0,0
B0170,SHURE BROTHERS INCORPORATED,,SHURE BROT,,,0,0,0,0,0
B0171,"POWER SYSTEMS, INC.",,POWER SYST,,,0,0,0,0,0
B0172,AMERGRAPH,,AMERGRAPH,,,0,0,0,0,0
B0173,OPTICAL IMAGING,,OPTL IMAG,,,0,0,0,0,0
B0174,"LEE ROSS & ASSOCIATES, INC.",,LEE ROSS,*,,0,2,0,2,0
B0175,TECUMSEH PRODUCTS COMPANY,,TECUMSEH,,,0,0,0,0,0
B0176,JB & ASSOCIATES,,JB ASSCTS,,,0,0,0,0,0
B0177,INDEPENDENT FUNDING,,INDPNT FUN,,,0,0,0,0,0
B0178,SONANCE/DANA INNOVATIONS,,SONANCE,,,0,0,0,0,0
B0179,BETA DEVELOPMENT,,BETA,,,0,0,0,0,0
B0180,A.B. CHANCE,,AB CHANCE,,,0,0,0,0,0
B0181,AT&T BELL LABS,,AT&T BELL,,,0,0,0,0,0
B0182,AIR CRUISERS CO.,,AIR CRUISE,,,0,0,0,0,0
B0183,ALTRAN,,ALTRON,,,0,0,0,0,0
B0184,ASIAN MICRO SOURCES INC.,,ASIAN MICR,,,0,0,0,0,0
B0185,ATCO TECHNOLOGY,,ATCO,,,0,0,0,0,0
B0186,AVTRON MANUFACTURING INC.,,AVTRON,,,0,0,0,0,0
B0187,AZONIC PRODUCTS INC.,,AZONIC,,,0,0,0,0,0
B0188,BIOSONICS,,BIOSONICS,,,0,0,0,0,0
B0189,CABALLERO AUTOMATION,,CABALLERO,,,0,0,0,0,0
B0190,CENTURY ELECTRONICS,,CENTURY EL,,,0,3,0,1,0
B0191,CHAMPION LIVINGSTON,,CHAMPION,,,0,0,0,0,0
B0192,"CHARLES V. CLARK CO., INC.",,CVC SALES,,,0,1,0,1,0
B0193,CIRRIS SYSTEMS CORP.,,CIRRIS,,,0,0,0,0,0
B0194,COMPUTER SIGNS SUPPLY CO.,,COMP.SIGN,,,0,0,0,0,0
B0195,CROWN ISLAND PLUMBING,,CROWN,*,,0,2,0,2,0
B0196,D & B CONTROLS,,D & B CONT,,,0,0,0,0,0
B0197,D.H. TECHNOLOGY,,D.H. TECH,,,0,0,0,0,0
B0198,DHY CORPORATION,,DHY CORP.,,,0,0,0,0,0
B0199,DELTA PRODUCTS CORP.,,DELTA,,,0,0,0,0,0
B0200,DESIGN CONSULTANTS ASSOC.,,DESIGN,,,0,0,0,0,0
B0201,"DIESEL RECON, DIV. OF COMMINGS",,DIESEL REC,,,0,0,0,0,0
B0202,DOMINION VENTURES INC.,,DOMINION,,,0,0,0,0,0
B0203,DORMEYER INDUSTRIES INC.,,DORMEYER,,,0,0,0,0,0
B0204,DOWTY ELECTRONICS,,DOWTY,,,0,0,0,0,0
B0205,E.W.C. INC.,,E.W.C.,,,0,0,0,0,0
B0206,ELECTRO ASSEMBLIES CORP.,,EKECTRO,,,0,0,0,0,0
B0207,ELECTRO POWER SYSTEMS OF UTAH,,ELE. POWER,,,0,0,0,0,0
B0208,ELPAC ELECTRONICS,,ELPAC,,,0,0,0,0,0
B0209,FILTRONETICS INC.,,FILTRONETI,,,0,0,0,0,0
B0210,GENRAL MOTORS CORP.,,GENERAL MO,,,0,0,0,0,0
B0211,GENISCO ELECTRONICS CORP.,,,,,0,0,0,0,0
B0212,GRAHAM COMPANY,,,,,0,0,0,0,0
B0213,GUIDANCE TECHNOLOGY,,,,,0,0,0,0,0
B0214,HEAT INC.,,,,,0,0,0,0,0
B0215,HELPERS SUPPLY,,,,,0,0,0,0,0
B0216,"HI-STAT MFG., CO. INC.",,,,,0,0,0,0,0
B0217,IBM CORP.,,IBM CORP.,,,0,0,0,0,0
B0218,IMPULSE TECHNOLOGY,,,,,0,0,0,0,0
B0219,INSTRUMENT ASSOCIATES,,,,,0,0,0,0,0
B0220,INTELLICO,,,,,0,0,0,0,0
B0221,INTERSTATE ELECTRONICS,,INTERSTATE,,,0,1,0,1,0
B0222,INTELLIGENCE INTEGRATORS,,,,,0,0,0,0,0
B0223,J.M. DAVIS & CO.,,,,,0,0,0,0,0
B0224,JAVID INDUSTRIES,,,,,0,0,0,0,0
B0225,KELTEC FLORIDA,,,,,0,0,0,0,0
B0226,L.S.I.,,,,,0,0,0,0,0
B0227,LEONARD ELECTRI PRODUCTS CO.,,,,,0,0,0,0,0
B0228,LOCUS INC.,,,,,0,0,0,0,0
B0229,LUCAS INDUSTRIES,,,,,0,0,0,0,0
B0230,LUCAS MILHAUPT INC.,,,,,0,0,0,0,0
B0231,MTC MITRONIC TRADING CORP.,,,,,0,0,0,0,0
B0232,MAC MCCULLY CO.,,,,,0,0,0,0,0
B0233,MAGNETIC COMPONENT ENG.,310 539-4000,MAG COMP,,,0,1,0,1,0
B0234,MCCULLOCH CORP.,,,,,0,0,0,0,0
B0235,MULTICORE SOLDERS INC.,,,,,0,0,0,0,0
B0236,N.E.C. AMERICA,,,,,0,0,0,0,0
B0237,N.P.R. AUDIO CORP.,,,,,0,0,0,0,0
B0238,NATIONAL CREDIT CORP.,,,,,0,0,0,0,0
B0239,NEW BEDFORD PANORAMEX,,NEW BEDFRD,,,0,1,0,1,0
B0240,NORTHLAKE ENGINEERING,,,,,0,0,0,0,0
B0241,NYLAND PLUMBING & HEATING,,,,,0,0,0,0,0
B0242,O.J. PLUMBING,,,,,0,0,0,0,0
B0244,P.C.A. ELECTRONICS,,,,,0,0,0,0,0
B0245,PHILRAY INTERNATIONAL,,,,,0,0,0,0,0
B0246,POLK AUDIO INC.,,,,,0,0,0,0,0
B0247,PRESTOLITE WIRE COPR.,,,,,0,0,0,0,0
B0248,QUANTUM DESIGN,,,,,0,0,0,0,0
B0249,R.O. ASSOCIATES,,,,,0,0,0,0,0
B0250,RA REED ELECTRIC CO.,,,,,0,0,0,0,0
B0251,RASTER GRAPHICS INC.,,,,,0,0,0,0,0
B0252,RELIABILITY INC.,,,,,0,0,0,0,0
B0253,S.A. DEVELOPMENT,,,,,0,0,0,0,0
B0254,SAIC,,SAIC,,,0,1,0,1,0
B0255,S.T. MICROWAVE CORP.,,,,,0,0,0,0,0
B0256,SENSORMATIC ELECTRONIC CORP.,,,,,0,0,0,0,0
B0257,SHANKS PLUMBING,,,,,0,0,0,0,0
B0258,SHINDENGEN ARCHER CORP./JAPAN,,SHINDENGEN,,,0,0,0,0,0
B0259,SHOMI CORP.,,,,,0,0,0,0,0
B0260,SIGNAL DESIGN INC.,,,,,0,0,0,0,0
B0261,SINGAPORE AEROSPACE,,SINGAPORE,,,0,1,0,1,0
B0262,SKINNER PLUMBING,,,,,0,0,0,0,0
B0263,STAR HEATER MFG.,,,,,0,0,0,0,0
B0264,TED DAVIS MFG.,,,,,0,0,0,0,0
B0266,TRANS LEASING,,,,,0,0,0,0,0
B0267,TRANSPOWER TECHNOLOGIES INC.,,,,,0,0,0,0,0
B0268,TRI-MAG,,,,,0,0,0,0,0
B0269,ULTASONIC SERVICES,,,,,0,0,0,0,0
B0270,UNITED MEDICAL MANUFACTURING,,,,,0,0,0,0,0
B0271,UNIVERSITY OF CALIFORNIA,,,,,0,3,0,2,0
B0272,UNIVERSITY OF CA. BERKELEY,,UCBERKELEY,,,0,1,0,1,0
B0273,UNIVERSITY OF TEXAS,,,,,0,0,0,0,0
B0274,VALVE RESEARCH & MFG. CO.,,,,,0,0,0,0,0
B0275,WALBRO CORPORATION,,,,,0,0,0,0,0
B0276,WALT DISNEY CO.,,,,,0,0,0,0,0
B0277,WOODWARD GOVERNOR CO.,,,,,0,0,0,0,0
B0278,ZIXEL CO.,,ZIXEL,,,0,0,0,0,0
B0280,DEPARTMENT OF WATER AND POWER,,DWP,,,0,0,0,0,0
B0281,"INTERMEDICS, INC.",,INTERMEDIC,,,0,0,0,0,0
B0282,DATA INSTRUMENTS,,DATA INSTR,,,0,0,0,0,0
B0283,"SEA BEAM INSTRUMENTS, INC.",,SEA BEAM,,,0,0,0,0,0
B0284,VENTRITEX,,VENTRITEX,,,0,0,0,0,0
B0285,WESTERN UTILITIES TRANSFORMER,,WESTERN UT,*,,0,2,0,2,0
B0286,RODIX INCORPORATED,,RODIX,,,0,0,0,0,0
B0287,BH ELECTRONICS,,BH ELECT.,,,0,0,0,0,0
B0288,GOGUEN INDUSTRIES,,GOGUEN IND,,,0,0,0,0,0
B0289,HEALTH SONICS CORPORATION,,HEALTH SON,,,0,0,0,0,0
B0290,AUSTIN ASSOCIATES,,,,,0,0,0,0,0
B0291,SPRINGFIELD WIRE INC.,,,,,0,0,0,0,0
B0292,ANNAPOLIS MICRO SYSTEMS,,ANNAPOLIS,,,0,0,0,0,0
B0293,TRW S&S DIVISION-ECS GROUP,,TRW S&S,,,0,0,0,0,0
B0294,TRI-TRONICS INC.,,TRI-TRONIC,,,0,0,0,0,0
B0295,VIAMED CORPORATION,,VIAMED,,,0,0,0,0,0
B0296,TAYCO ENGINEERING,,TAYCO ENG.,,,0,0,0,0,0
B0297,BENCHMARK THERMAL CORP.,,BENCHMARK,,,0,0,0,0,0
B0298,SCHWEITZER ENGINEERING LAB,,SCHWEITZER,,,0,0,0,0,0
B0299,RAYTHEON E.S.D.,,RAYTHEON/G,,,0,1,0,1,0
B0300,MICRO-TEK CORPORATION,,MICRO-TEK,,,0,0,0,0,0
B0301,APPLIED NAVIGATION DEVICES,,APPLIED,,,0,0,0,0,0
B0302,VERSITILE CONTROL SYSTEMS,,,,,0,0,0,0,0
B0303,JEROME INDUSTRIES CORP.,,JEROME,,,0,0,0,0,0
B0304,EC2 ENGINEERED COMPONENTS CO.,,EC2,,,0,0,0,0,0
B0305,K.G. MAGNETICS,,KG MAGNETC,,,0,0,0,0,0
B0306,MICRO LINEAR,,MICRO-LINR,,,0,0,0,0,0
B0307,D & D KNITS INC.,,,,,0,0,0,0,0
B0308,SOLECTRON,,SOLECTRON,,,0,0,0,0,0
B0309,NORDSON,,,,,0,0,0,0,0
B0310,MAGNETIC ANALYSIS CORPORATION,,,,,0,0,0,0,0
B0311,ATLAS/SOUNDOLIER,,,,,0,0,0,0,0
B0312,ATLAS/SOUNDLIER,,,,,0,0,0,0,0
B0313,AMERICAN PRECISION IND.,,,,,0,0,0,0,0
B0314,DIVERSITEC INCORPORATED,,,,,0,0,0,0,0
B0315,FORD MOTOR CO.,,,,,0,0,0,0,0
B0316,AT&T,,AT&T,,,0,0,0,0,0
B0317,BIO-RAD,,,,,0,0,0,0,0
B0318,SEARCH SCAN ELECTRONICS INC.,,,,,0,0,0,0,0
B0319,PACIFIC SCIENTIFIC,,,,,0,0,0,0,0
B0320,LORD CORPORATION,,,,,0,0,0,0,0
B0321,"CARIBE G.E. PRODUCTS, INC.",,CARIBE G.E,,,0,0,0,0,0
B0322,"AQUA CONTROLS, INC.",,,,,0,0,0,0,0
B0323,"POLYMICRO TECHNOLOGIES, INC.",,,,,0,0,0,0,0
B0324,GLENTEK,,,,,0,0,0,0,0
B0325,SECURA KEY DIV. OF SOUNDCRAFT,,,,,0,0,0,0,0
B0326,NEERING TECHNOLOGIES INC.,,,,,0,0,0,0,0
B0327,WELTRONICS,,,,,0,0,0,0,0
B0328,PHILIPS ELECTRONICS,,,,,0,0,0,0,0
B0329,PACIFIC INSTRUMENTS,,,,,0,0,0,0,0
B0330,UNIVERSITY OF WASHINGTON,,,,,0,0,0,0,0
B0331,SPIN PHYSICS,,,,,0,0,0,0,0
B0332,BERKLEY MAGNETICS,,,,,0,0,0,0,0
B0333,POLARIS ELECTRONIQUE,,,,,0,0,0,0,0
B0334,CLIFTON PRECISION-SOUTH/LITTON,,,,,0,0,0,0,0
B0335,MOORE INDUSTRIES,,,,,0,0,0,0,0
B0336,RAYCHEM CORP.,,,,,0,0,0,0,0
B0337,LADESCO INC.,,,,,0,0,0,0,0
B0338,ALLIED SIGNAL BENDIX COMM. DIV.,,,,,0,0,0,0,0
B0339,SPIN MAGNETICS,,,,,0,0,0,0,0
B0340,GENERAL MOTORS CORP.DELCO DIV.,,,,,0,0,0,0,0
B0341,MACON TRANSFORMERS & COILS,,,,,0,0,0,0,0
B0342,AMGLO KEMLITE,,,,,0,0,0,0,0
B0343,UNISON INDUSTRIES,,,,,0,0,0,0,0
B0344,INTERNATIONAL JENSEN INC.,,,,,0,0,0,0,0
B0345,KYSOR/MEDALLION,,,,,0,0,0,0,0
B0346,VOLTAGE MULTIPLIERS INC.,,,,,0,0,0,0,0
B0347,REDEL LABORATORIES,,,,,0,0,0,0,0
B0348,STAR BOARD TECHNOLOGY,,,,,0,0,0,0,0
B0349,RADIAN RESEARCH INC.,,,,,0,0,0,0,0
B0350,TGX ELECTRONICS,,,,,0,0,0,0,0
B0351,KRENZ ELECTRONICS,,,,,0,0,0,0,0
B0352,"E.C.M., INC.",,,,,0,0,0,0,0
B0353,KAVOURAS INC.,,,,,0,0,0,0,0
B0354,IMAG CORP.,,,,,0,0,0,0,0
B0355,U.S. MEX,,,,,0,0,0,0,0
B0356,KOLLMORGEN INDUSTRIAL DRIVES,,,,,0,0,0,0,0
B0357,SHOP-VAC CORP.,,,,,0,0,0,0,0
B0358,P.M.W.,,,,,0,0,0,0,0
B0359,ENERGY TRANSTORMATION SYSTEMS,,,,,0,0,0,0,0
B0360,XACTEX CORP.,,,,,0,0,0,0,0
B0361,SUN TRANSFORMER,,,,,0,0,0,0,0
B0362,ALUMAT,,,,,0,0,0,0,0
B0363,KAYSER VENTURES,,,,,0,0,0,0,0
B0364,SELECTRON,,,,,0,0,0,0,0
B0365,LINEAR TECHNOLOGY,,,,,0,0,0,0,0
B0366,FRANKLIN ELECTRIC,,,,,0,0,0,0,0
B0367,JACOBS ELECTRONICS INC.,,,,,0,0,0,0,0
B0368,BOSTON ACOUSTICS,,,,,0,0,0,0,0
B0369,"ANGAR SCIENTIFIC CO.,INC.",,,,,0,0,0,0,0
B0370,GLASSMAN HIGH VOLTAGE,,,,,0,0,0,0,0
B0371,PHOENIX GOLD,,,,,0,0,0,0,0
B0372,ACCULYTE ENERGY EFFICIENT ELECT,,,,,0,0,0,0,0
B0373,AURA SYSTEMS,,,,,0,0,0,0,0
B0374,KURZ-KASCH INC.,,,,,0,0,0,0,0
B0375,EATON CORP/INDUSTRIAL CONTROL,,,,,0,0,0,0,0
B0376,ALCO CONTROLS/EMERSON ELECTRIC,,,,,0,0,0,0,0
B0377,SCHLUMBERGER,,,,,0,0,0,0,0
B0378,ZMAN MAGNETICS,,,,,0,0,0,0,0
B0379,ANIMATRONICS INC.,,,,,0,0,0,0,0
B0380,ASHAWAY LINE & TWINE MFG. CO.,,,,,0,0,0,0,0
B0381,LOS ALAMOS NATIONAL LAB.,,,,,0,0,0,0,0
B0382,T-COM,,,,,0,0,0,0,0
B0383,WAKO ELECTRONICS USA,,,,,0,0,0,0,0
B0384,UNIVERSITY OF MICHIGAN,,U OF MICH,,,0,1,0,1,0
B0385,ALCATEL NETWORK SYSTEMS,,,,,0,0,0,0,0
B0386,SPECTRANETICS,,,,,0,0,0,0,0
B0387,AVCON ADVANCED CONTROLS TECH.,,,,,0,0,0,0,0
B0388,MID-CONTINENT CUSTOM ELECTRONIC,,,,,0,0,0,0,0
B0389,DATEL INC.,,,,,0,0,0,0,0
B0390,MICROPOLIS,,,,,0,0,0,0,0
B0391,WESTINGHOUSE SECURITY ELECTRONI,,,,,0,0,0,0,0
B0392,ALPHA MAGNETICS & COILS INC.,,,,,0,0,0,0,0
B0393,COIL-AIDE,,,,,0,0,0,0,0
B0394,TALLER ELECTRICO,,,,,0,0,0,0,0
B0395,MSC AUTOMATION,,,,,0,0,0,0,0
B0396,SENSORMATIC ELECTRONICS CORP.,,,,,0,0,0,0,0
B0397,HARPER WYMAN CO.,,,,,0,0,0,0,0
B0398,NUMONICS,,,,,0,0,0,0,0
B0399,"LUTRON ELECTRONICS CO., INC.",,,,,0,0,0,0,0
B0400,NEWARK ELECTRONICS,,,,,0,0,0,0,0
B0401,APPLIANCE CONTROLS OF TX. CORP.,,,,,0,0,0,0,0
B0402,PANDUIT CORP.,,,,,0,0,0,0,0
B0403,SENTECH INC.,,,,,0,0,0,0,0
B0404,SMAR RESEARCH CORP.,,,,,0,0,0,0,0
B0405,MAGNETIC DESIGN LABS INC.,,"MDL, INC.",,,0,0,0,0,0
B0406,"COMPTRONICS, INC.",,,,,0,0,0,0,0
B0407,POWER SUPPLY CO.,,,,,0,0,0,0,0
B0408,CERTIFIED CABLE,,,,,0,0,0,0,0
B0409,CHEROKEE ELECTRONICA SA DE CV,,,,,0,0,0,0,0
B0410,PRECISION ASSEMBLY CO.,,PRECISION,,,0,0,0,0,0
B0411,E.M. ELECTRONICS,,,,,0,0,0,0,0
B0412,MAGNA-POWER ELECTRONICS INC.,,,,,0,0,0,0,0
B0413,FILTRAN,,,,,0,0,0,0,0
B0414,JOVIL MFG.,,,,,0,0,0,0,0
B0415,LANE POOR MUSIC CO.,,,,,0,0,0,0,0
B0416,SCIMED LIFE SYSTEMS INC.,,SCIMED,,,0,0,0,0,0
B0417,MAGNETROL INT'L,,,,,0,0,0,0,0
B0418,RAKU INTERNATIONAL,,,,,0,0,0,0,0
B0419,GOLD N'TIME,,,,,0,0,0,0,0
B0420,ZETECH INC.,,,,,0,0,0,0,0
B0421,LINEAR PUMP CORP.,,,,,0,0,0,0,0
B0422,LITTON POLY-SCIENTIFIC,,LITTON-POL,,,0,0,0,0,0
B0423,ALLIED SIGNAL AUTOLITE DIVISION,,ALLIED-AUT,,,0,0,0,0,0
B0424,Z-AXIS INC.,,Z-AXIS,,,0,0,0,0,0
B0425,CORTEK INTERNATIONAL C.A.L.P.,,C.A.L.P.,,,0,0,0,0,0
B0426,TINICUM MAGNETICS INC.,,TINICUM,,,0,0,0,0,0
B0427,EMERMEX S.A.,,,,,0,0,0,0,0
B0428,IMPACT,,IMPACT,,,0,1,0,1,0
B0429,US/MEX MFG. CORP.,,,,,0,0,0,0,0
B0430,ELECTRO MAGNETIC COMPONENTS,,,,,0,0,0,0,0
B0431,GENERAL MAGNETICS TECHNOLOGY,,,,,0,0,0,0,0
B0432,WESTERN DIGITAL,,,,,0,0,0,0,0
B0433,CIRCUIT BOARD SPECIALISTS,,,,,0,0,0,0,0
B0434,AIR GAGE CO.,,AIR GAGE,,,0,0,0,0,0
B0435,NORTHERN TELECOM,,,,,0,0,0,0,0
B0436,ADTRAN INC.,,,,,0,0,0,0,0
B0437,YS CONTROLS,,,,,0,0,0,0,0
B0438,VALLEYLAB INC.,,,,,0,0,0,0,0
B0439,SIEMENS STROMBERG CARLSON,,,,,0,0,0,0,0
B0440,NPR AUDIO CORP.,,,,,0,0,0,0,0
B0441,POWER ONE,,,,,0,0,0,0,0
B0442,RADIONICS,,,,,0,0,0,0,0
B0443,ORCATRON MFG. LTD.,,,,,0,0,0,0,0
B0444,PROVADON REG'D,,,,,0,0,0,0,0
B0446,WJS ELECTRONIC BALLAST (CHINA),,,,,0,0,0,0,0
B0447,7-SIGMA INC.,,,,,0,0,0,0,0
B0448,CONDUCTORS UNLIMITED,,,,,0,0,0,0,0
B0449,AMETEK AEROSPACE PRODUCTS INC.,,,,,0,0,0,0,0
B0550,MAGNETIC RESONANCE DIAGNOSTICS,,MRD,,,0,0,0,0,0
B0551,CONVERSION EQUIPMENT CORP.,,,,,0,0,0,0,0
B0552,HI-SONIC,,,,,0,0,0,0,0
B0553,SEMPCO,,,,,0,0,0,0,0
B0554,COMTECH RESEARCH INC.,,,,,0,0,0,0,0
B0555,TENSOR INC.,,,,,0,0,0,0,0
B0556,KID PRO,,,,,0,0,0,0,0
B0557,CUSTOM ELECTRONICS,,,,,0,0,0,0,0
B0558,ELECTRO PNEUMATIC CORP.,,,,,0,0,0,0,0
B0559,NATIONAL SEMICONDUCTOR,,,,,0,0,0,0,0
B0560,"SIMCO CO., INC.",,,,,0,0,0,0,0
B0561,MAGNETRAN INC.,,,,,0,0,0,0,0
B0562,VEGA,,,,,0,0,0,0,0
B0563,NOWSCO,,,,,0,0,0,0,0
B0564,PREMEIR MAGNETICS,,,,,0,0,0,0,0
B0565,GIL V. CASTILLO MORENO,,,,,0,0,0,0,0
B0566,"ELECTRONETICS, INC.",,,,,0,0,0,0,0
B0567,SIGMA ELECTRONICS INC.,,,,,0,0,0,0,0
B0568,TRITON ELECTRONIQUE INC.,,,,,0,0,0,0,0
B0569,MOTOR APPLIANCE CORP.,,,,,0,0,0,0,0
B0570,DATA-TRONICS,,,,,0,0,0,0,0
B0571,MID CENTRAL ELECTRIC INC.,,,,,0,0,0,0,0
B0572,STANGANESE INDUSTRIES,,,,,0,0,0,0,0
B0573,STERILIZATION SYSTEMS INC.,,,,,0,0,0,0,0
B0574,POWER CONVERTIBLES,,,,,0,0,0,0,0
B0575,INTERNATIONAL COMPONENTS CORP.,,,,,0,0,0,0,0
B0576,KAISER ELECTRONICS,,,,,0,0,0,0,0
B0578,DFX ENGINEERING,,,,,0,0,0,0,0
B0579,CYBERDATA CORP.,,,,,0,0,0,0,0
B0580,SIGNAL TRANSFORMER,,,,,0,0,0,0,0
B0581,ONUBA ENTERPRISES INC.,,,,,0,0,0,0,0
B0582,NORTHSTAR MATRIX,,,,,0,0,0,0,0
B0583,POWER SENSORS,,,,,0,0,0,0,0
B0584,SAFETRAN,,,,,0,0,0,0,0
B0585,INSTRUMENTS & CONTROLS,,,,,0,0,0,0,0
B0586,MOUNTAIN IMAGE INC.,,,,,0,0,0,0,0
B0587,EXELTECH,,,,,0,0,0,0,0
B0588,LENNY SAVELLA,,,,,0,0,0,0,0
B0589,KLOEHN LTD.,,,,,0,0,0,0,0
B0590,"TRANSCOIL, INC.",,,,,0,0,0,0,0
B0591,ACCEL TECNOLOGIA S.A. DE C.V.,,,,,0,0,0,0,0
B0592,PACIFITEK INC.,,,,,0,0,0,0,0
B0593,GASA,,,,,0,0,0,0,0
B0594,WESTLAKE AUDIO,,,,,0,0,0,0,0
B0595,GOLDEN SYSTEMS INC.,,,,,0,0,0,0,0
B0596,TRANSFORMER MFG.,,,,,0,0,0,0,0
B0597,KH CONTROLS,,,,,0,0,0,0,0
B0598,MAGNETIC BEARING TECHNOLOGIES,,,,,0,0,0,0,0
B0599,BROWNSBURG ELECTRONIK INC.,,,,,0,0,0,0,0
B0600,A.C.I. POWER MAGNETICS,,,,,0,0,0,0,0
B0601,"RUSSOUND/FMP.,INC.",,,,,0,0,0,0,0
B0602,"MICRO LAMBDA, INC.",,,,,0,0,0,0,0
B0603,"MHB MANUFACTURING, INC.",,,,,0,0,0,0,0
B0604,PETRAS INC.,PLACE FOR COLL,,*,NO,0,2,0,3,0
B0605,SUB-TRONICS,,,,,0,0,0,0,0
B0606,EXCEL MFG.,,EXCEL MFG,,,0,1,0,1,0
B0607,ONAN POWER ELECTONICS,,,,,0,0,0,0,0
B0608,BYCAP INC.,,,,,0,0,0,0,0
B0609,POM,,,,,0,0,0,0,0
B0610,ARGON NEON,,,,,0,0,0,0,0
B0611,MATSUSADA PRECISION DEVICES INC,,,,,0,0,0,0,0
B0612,INTERGRATED ELECTRONIC TECH.,,,,,0,0,0,0,0
B0613,ADVANCED MICRO DEVICES,,,,,0,0,0,0,0
B0614,PITTMAN,,,,,0,0,0,0,0
B0615,CENTURY MAGNETICS INTERNATIONAL,,,,,0,0,0,0,0
B0616,DYNAMIC TRANSFORMER INC.,,,,,0,0,0,0,0
B0618,MODEL EXPO INC.,,,,,0,0,0,0,0
B0619,WEST ELECTRONIC INDUSTRIES,,,,,0,0,0,0,0
B0620,CARNEGIE MELLON UNIVERSITY,,,,,0,0,0,0,0
B0621,M.T.I.,,,,,0,0,0,0,0
B0622,A.H.V. COMMERCIAL,,,,,0,0,0,0,0
B0623,ADVANCED TECHNOLOGY LAB.,,,,,0,0,0,0,0
B0624,EOS CORP.,,,,,0,0,0,0,0
B0625,SUNBEAM TRAILER PRODUCTS INC.,,,,,0,0,0,0,0
B0626,J.S. COMPANY,,,,,0,0,0,0,0
B0627,TESLACO,,,,,0,0,0,0,0
B0628,LABORATORIOS MAGNETICOS/ACCEL,,,,,0,0,0,0,0
B0629,TECNOLOGIA Y DISENO ELECTRONICO,,,,,0,0,0,0,0
B0630,MARK PRODUCTS,,,,,0,0,0,0,0
B0631,WINSLOW INDUSTRIES,,,,,0,0,0,0,0
B0632,WIREBENDER INC.,,,,,0,0,0,0,0
B0633,WHITE-ROGERS CO.,,,,,0,0,0,0,0
B0634,WESTINGHOUSE CANADA INC.,,,,,0,0,0,0,0
B0635,VHC INDUSTRIES,,,,,0,0,0,0,0
B0636,TRECO ELECTRONICS INC.,,,,,0,0,0,0,0
B0637,UNIVERSITY OF MARYLAND,,,,,0,0,0,0,0
B0638,ST. MICROWAVE,,,,,0,0,0,0,0
B0639,MAGNETIC CIRCUIT ELEMENTS INC.,,,,,0,0,0,0,0
B0640,MANUFACTURING SERVICES,,,,,0,0,0,0,0
B0641,MASTER VIDEO SYSTEMS INC.,,,,,0,0,0,0,0
B0642,MF PHYSICS,,,,,0,0,0,0,0
B0643,MICROWAVE NETWORK INC.,,,,,0,0,0,0,0
B0644,MIL-SPEC WIRE & CABLE CORP.,,,,,0,0,0,0,0
B0645,NORANDA TECHNOLOGY CENTRE,,,,,0,0,0,0,0
B0646,N.W.L.,,,,,0,0,0,0,0
B0647,PACIFIC COIL,,,,,0,0,0,0,0
B0648,PAIRGAIN TECHNOLOGIES INC.,,,,,0,0,0,0,0
B0649,PANAMA CANAL COMMISSION,,,,,0,0,0,0,0
B0650,PGP INDUSTRIES (IRELAND) LTD.,,,,,0,0,0,0,0
B0651,PRECISION ENGINE CONTROLS,,,,,0,0,0,0,0
B0652,PRESTEC ELECTRONICS LTD.,,,,,0,0,0,0,0
B0653,PROLIGHT,,,,,0,0,0,0,0
B0654,RACHID KADRI,,,,,0,0,0,0,0
B0655,RAM CO.,,,,,0,0,0,0,0
B0656,REYNOLDS INDUSTRIES,,,,,0,0,0,0,0
B0657,LAURIE DEGRYSE,,,,,0,0,0,0,0
B0658,LIEBERT CORP.,,,,,0,0,0,0,0
B0659,LOUISIANA STATE UNIVERSITY,,,,,0,0,0,0,0
B0660,EASTMAN KODAK,,,,,0,0,0,0,0
B0661,J.S.W.,,,,,0,0,0,0,0
B0662,HANA COIL CO. LTD.,,,,,0,0,0,0,0
B0663,INSTRUMENTATION CORP.,,,,,0,0,0,0,0
B0664,INTELLISTOR INC.,,,,,0,0,0,0,0
B0665,FRC COMPONENT,,,,,0,0,0,0,0
B0666,FUTABA CORP.,,,,,0,0,0,0,0
B0667,GABRIEL CATALOGNE,,,,,0,0,0,0,0
B0668,ELECTRA START INC.,,,,,0,0,0,0,0
B0669,E-Z HEAT,,,,,0,0,0,0,0
B0670,U.S. METRIC,,,,,0,0,0,0,0
B0671,SOUND CRAFT SYSTEMS INC.,,,,,0,0,0,0,0
B0672,ETM ELECTROMATIC INC.,,,,,0,0,0,0,0
B0673,FAR WEST SENSOR CORP.,,,,,0,0,0,0,0
B0674,ISLAND COMPONENTS GROUP INC.,,,,,0,0,0,0,0
B0675,GC INTERNATIONAL INC.,,,,,0,0,0,0,0
B0676,KEMP-MEEK,,,,,0,0,0,0,0
B0677,HI-TECH IMPORT EXPORT CORP.,,,,,0,0,0,0,0
B0678,TRANSPOWER TECHNOLOGIES,,,,,0,0,0,0,0
B0679,MAG ASSOCIATES,,,,,0,0,0,0,0
B0680,LITHONIA LIGHTING,,,,,0,0,0,0,0
B0681,LAMBDA NOVATRONICS,,LAMBDA,,,0,0,0,0,0
B0682,AMERICAN POWER CONVERSION,,,,,0,0,0,0,0
B0683,TERG ENTERPRISES,,,,,0,0,0,0,0
B0684,DELCO ELECTRONICS,,,,,0,0,0,0,0
B0685,WEARNES HOLLINGSWORTH LTD.,,,,,0,0,0,0,0
B0686,J.E. THOMAS LTD.,,,,,0,0,0,0,0
B0687,INDUCTOR SUPPLY INC.,,,,,0,3,3000,1,0
B0688,SIERRA NEVADA CORP.,,SIERRA NEV,,,0,1,0,1,0
B0689,"ELECTROLATION, INC",,,,,0,0,0,0,0
B0690,CUBIX,,,,,0,0,0,0,0
B0691,TRANSITION TECHNOLOGY,,,,,0,0,0,0,0
B0692,PROTECH PRODUCTS,,,,,0,0,0,0,0
B0693,JASPER ELECTRONICS,,,,,0,0,0,0,0
B0694,SIEMENS AG,,,,,0,0,0,0,0
B0695,SONICS & MATERIAL INC.,,,,,0,0,0,0,0
B0696,DB CONTROLS,,,,,0,0,0,0,0
B0697,INTERGLOBAL ELECTRONICS,,,,,0,0,0,0,0
B0698,ENVIROVAC INC.,,,,,0,0,0,0,0
B0699,QRS MUSIC ROLLS INC.,,,,,0,0,0,0,0
B0700,STANFORD UNIVERSITY,,STANFORD,,,0,1,0,1,0
B0701,IOTA ENGINEERING CO.,,,,,0,0,0,0,0
B0702,ADVANCED POWER INC.,,,,,0,0,0,0,0
B0703,HEARTPORT,,,,,0,0,0,0,0
B0704,HYFRIL CO.,,,,,0,0,0,0,0
B0705,SEYMOUR DUNCAN ANTIQUITY,,,,,0,0,0,0,0
B0706,TISSUE ENGINEERING INC.,,,,,0,0,0,0,0
B0707,TEXAS ENERGY COSULTANTS INC.,,,,,0,0,0,0,0
B0708,NEXUS,,,,,0,0,0,0,0
B0709,CP CLARE CORP.,,,,,0,0,0,0,0
B0710,LAMBDA ELECTRONICS,,,,,0,0,0,0,0
B0758,MARCUS TRANSFORMER,,MARCUS,,,0,0,0,0,0
B077*,TAN TECH,,,,,0,0,0,0,0
B0862,INLAND MOTORS,,,,,0,0,0,0,0
B0863,MECH-TRONICS,,,,,0,0,0,0,0
B0864,ERICSSON RAYNET,,,,,0,0,0,0,0
B0865,ITT FLUID TECH.,,,,,0,0,0,0,0
B0866,"MAGNESPEC, INC.",,,*,,0,2,0,3,0
B0867,EG&G WRIGHT COMPONENTS,,,,,0,0,0,0,0
B0868,COMTRONICS,,,,,0,0,0,0,0
B0869,DELCO-REMY,,,,,0,0,0,0,0
B0870,SOLARCON,,,,,0,0,0,0,0
B0871,CARLINGSWITCH INC.,,,,,0,0,0,0,0
B0872,TRACY MINNTRONIX,,,,,0,0,0,0,0
B0873,TELEDYNE LAARS,,,,,0,0,0,0,0
B0874,TELEDYNE ELECTRONIC TECH.,,,,,0,0,0,0,0
B0875,"MRC TECHNOLOGY, INC.",,,,,0,0,0,0,0
B0876,MACRO SENSORS,,,,,0,0,0,0,0
B0877,APITECH-UNIT OF APPLIED POWER,,,,,0,0,0,0,0
B0878,"MOX-MED, INC.",,,,,0,0,0,0,0
B0879,MIL-SPEC ACOUSTICS CORP.,,,,,0,0,0,0,0
B0880,DOUGLAS RADIOELECTRICA SA,,,,,0,0,0,0,0
B0881,GENERAL MONITORS,,,,,0,0,0,0,0
B0882,"RMC, INC.",,,,,0,0,0,0,0
B0883,SMART DEVICES,,,,,0,0,0,0,0
B0884,SYMPHONIX DEVICES,,,,,0,0,0,0,0
B0885,SIMPSON ELECTRIC CO.,,,,,0,0,0,0,0
B0886,"INTELLEGENT CONTROLS, INC.",,,,,0,0,0,0,0
B0887,LUCAS CONTROLS SYSTEMS PRODUCTS,,,,,0,0,0,0,0
B0888,SUBSITE DISCOVERY SYSTEMS,,,,,0,0,0,0,0
B0889,SIGMATRON INTERNATIONAL,,,,,0,0,0,0,0
B0890,MANLEY LABS,,,,,0,0,0,0,0
B0891,TEMPO RESEARCH,,,,,0,0,0,0,0
B0892,CLIFFORD MFG.,,,,,0,0,0,0,0
B0893,"TABTRONICS, INC.",,,,,0,0,0,0,0
B0894,HERLEY-MDI,,,,,0,0,0,0,0
B0895,PREMISYS COMMUNICATIONS,,,,,0,0,0,0,0
B0896,TYLAND GENERAL,,,,,0,0,0,0,0
B0897,INSTRUMENTATION SYSTEMS,,,,,0,0,0,0,0
B0898,"SCIENTIFIC ATLANTA, INC.",,,,,0,0,0,0,0
B0899,PHILIPS TECH.,,,,,0,0,0,0,0
B0900,MOTOROLA INC.,,,,,0,0,0,0,0
B0901,RICHARD GEAN,,,,,0,0,0,0,0
B0902,INTERGRATED CONTROLS,,,,,0,0,0,0,0
B0903,REICHMUTH IGNITION CO.,,,,,0,0,0,0,0
B0904,DUKANE CORP.,,,,,0,0,0,0,0
B0905,A & A ELECTRONICS,,,,,0,0,0,0,0
B0906,"CIRCLE SEAL CONTROLS, INC.",,,,,0,0,0,0,0
B0907,SERVICIOS INDUSTRIALES FAREVA,,,,,0,0,0,0,0
B0908,"FLEX COAT CO., INC.",,,,,0,0,0,0,0
B0909,SOLO ELECTRONICS CO.,,,,,0,0,0,0,0
B0910,CURLETT CONSULTING GROUP,,,,,0,0,0,0,0
B0911,SPELLMAN HIGH VOLTAGE,,,,,0,0,0,0,0
B0912,AQUARIA,,,,,0,0,0,0,0
B0913,ALLANSON INTERNATIONAL INC.,,,,,0,0,0,0,0
B0914,RAYTHEON MARINE CO.,,RAYTHN/MAR,,,0,0,0,0,0
B0915,TG MAGNETICS,,,,,0,0,0,0,0
B0916,ELSAG BAILEY INC.,,,,,0,0,0,0,0
B0917,"SYNCHRO-START PRODUCTS, INC.",,,,,0,0,0,0,0
B0918,PRODUCTION EQUIPMENT,,,,,0,0,0,0,0
B0919,BF GOODRICH AEROSPACE,,BF GOOD,,,0,1,0,1,0
B0920,TRANSDUCER RESEARCH INC.,,,,,0,0,0,0,0
B0921,BALLASTAR INC.,,,,,0,1,0,1,0
B0922,"PICONICS, INC.",,,,,0,0,0,0,0
B0923,SIGNAL CARIBE INC.,,,,,0,0,0,0,0
B0924,ORGANOGENESIS INC.,,,,,0,0,0,0,0
B0925,ROBERTSON TRANSFORMER CO.,,,,,0,0,0,0,0
B0926,TODD PRODUCTS CORP.,,,,,0,0,0,0,0
B0927,UPS DELIVERY INFORMATION,,,,,0,0,0,0,0
B0928,TESORO ELECTRONICS INC.,,,,,0,0,0,0,0
B0929,"SE SYSTEMS, INC.",,,,,0,0,0,0,0
B0930,TURTLE MOUNTAIN CORP.,,,,,0,0,0,0,0
B0931,VICOR,,,,,0,0,0,0,0
B0932,SOMA MAGNETICS CORP.,,,,,0,0,0,0,0
B0933,AQUATEC WATER SYSTEMS,,,,,0,0,0,0,0
B0934,GRUPO INDUSTRIAL SILVA VAZQUEZ,,,,,0,0,0,0,0
B0935,GUIDED MEDICAL SYSTEMS,,,,,0,0,0,0,0
B0936,OLIN AEROSPACE CO.,,,,,0,0,0,0,0
B0937,MP WORLD MFG. INC.,,,,,0,0,0,0,0
B0938,HEINEMANN ELECTRIC CANADA LTD.,,,,,0,0,0,0,0
B0939,ARCOR ELECTRONICS,,,,,0,0,0,0,0
B0940,EFRATOM,,,,,0,0,0,0,0
B0941,E/O NETWORKS,,,,,0,0,0,0,0
B0942,DSC COMMUNICATION,,,,,0,0,0,0,0
B0943,VICTOR INDUSTRIAL COILS,,,,,0,0,0,0,0
B0944,"CARDIOVASCULAR CONCEPTS, INC.",,,,,0,0,0,0,0
B0945,"GENERAL OCEANICS, INC.",,,,,0,0,0,0,0
B0946,"KRL/BANTRY COMPONENTS, INC.",,,,,0,0,0,0,0
B0947,JOHN D. REX,,,,,0,0,0,0,0
B0948,BEI TECHNOLOGY,,,,,0,0,0,0,0
B0949,"LOWRANCE ELECTRONICS, INC.",,,,,0,0,0,0,0
B0950,PERFECTION VALVE,,,,,0,0,0,0,0
B0951,DORLEN PRODUCTS,,,,,0,0,0,0,0
B0952,CALIFORNIA MAGNETICS,,,,,0,0,0,0,0
B0953,"MWD, INC.",,,,,0,0,0,0,0
B0954,MPC PRODUCTS CORP.,,,,,0,0,0,0,0
B0955,ARTHROCARE CORP.,,,,,0,0,0,0,0
B0956,EXCELLON AUTOMATION,,,,,0,0,0,0,0
B0957,"DWIN ELECTRONICS, INC.",,,,,0,0,0,0,0
B0958,"NSD, INC.",,,,,0,0,0,0,0
B0959,"KODIAK TECHNOLOGY, INC.",,,,,0,0,0,0,0
B0960,MORROW TECHNOLOGY,,,,,0,0,0,0,0
B0961,POLYPHASER CORP.,,,,,0,0,0,0,0
B0962,LUMENS & WATTS INC.,,,,,0,0,0,0,0
B0963,"MABAMEX, S.A.",,,,,0,0,0,0,0
B0964,INDUSTRIAS TECTROL,,,,,0,0,0,0,0
B0965,CROWN INTERNATIONAL,,,,,0,0,0,0,0
B0966,D-POWER INC,,,,,0,0,0,0,0
B0967,DOUGLAS-RANDALL,,,,,0,0,0,0,0
B0968,JAYCOR,,,,,0,0,0,0,0
B0969,"SERVOTRONICS, INC.",,,,,0,0,0,0,0
B0970,GOWANDA ELECTRONICS,,,,,0,0,0,0,0
B0971,ALLSTAR MAGNETICS INC.,,,,,0,0,0,0,0
B0972,TONY PAKOSTA,,,,,0,0,0,0,0
B0973,"TECHNOMEX WINDING SYSTEMS, PVT",,,,,0,0,0,0,0
B0974,TIM LEIGHTNER COMPANY,,,,,0,0,0,0,0
B0975,S.K. FUNG CO. LTD,,,,,0,0,0,0,0
B0976,NEONICS TECHNOLOGY INC.,,,,,0,0,0,0,0
B0977,MEDTRONICS,,,,,0,0,0,0,0
B0978,ELECTRO COM COMMUNICATION SYS.,,,,,0,0,0,0,0
B0979,"HI ELECTRONICS, INC.",,,,,0,0,0,0,0
B0980,"APPLIED ELECTRONIC SYSTEMS, INC",,,,,0,0,0,0,0
B0981,"PNEUDRAULICS, INC.",,,,,0,0,0,0,0
B0982,"CAPISTRANO LABS, INC.",,,,,0,0,0,0,0
B0983,CAPISTRANO LABS,,,,,0,0,0,0,0
B0984,EMICON CORP.,,,,,0,0,0,0,0
B0985,PCA ELECTRONICS,,,,,0,0,0,0,0
B0986,ELECTRIC SPEED INDICATOR CO.,,,,,0,0,0,0,0
B0987,M.T.C. INDUSTRIES & RESEARCH,,,,,0,0,0,0,0
B0988,PRECISION ALTERNATOR & STARTER,,,,,0,0,0,0,0
B0989,"PRECISION, INC.",,PRECISION,,,0,1,0,1,0
B0990,"GRACO, INC.",,,,,0,0,0,0,0
B0991,INCON,,,,,0,0,0,0,0
B0992,"SOLEN, INC.",,,,,0,0,0,0,0
B0993,"EAGLE TEST SYSTEMS, INC.",,,,,0,0,0,0,0
B0994,"TERA DESIGN TECHNOLOGIES, INC.",,,,,0,0,0,0,0
B0995,OPTRONIQUE DU CANADA,,,,,0,0,0,0,0
B0996,"BOMAG, INC.",,,,,0,0,0,0,0
B0997,ROBERT BOSCH,,,,,0,0,0,0,0
B0998,ROCKFORD CORP.,,,,,0,0,0,0,0
B0999,AMATI COMMUNICATIONS CORP.,,AMATI CORP,,,0,0,0,0,0
B6263,QUAL-PRO,,QUAL,,,0,1,0,1,0
D0001,D-LOOK,,D-LOOK,,,0,0,0,0,0
D0005,CPS INTERNATIONAL LTD.,,CPS INTER,,,0,0,0,0,0
E0001,ELNETIC ELECTRONICS INC,,ELNETIC,,,0,0,0,0,0
E0003,MDA,514-457-2150,MDA,,,0,1,0,1,0
E1454,SUNTRON,602 758-6200,SUNTRON,,,0,1,0,1,0
G0001,GOVERNMENT QAR (MARK HOPKINS),FAX310 335 3542,GSI,,,0,0,0,0,0
G0508,CAPITAL LOGISTIC SERVICES,,CAPITAL/,,,0,1,0,1,0
H0254,"HONEYWELL FM&T,LLC",816 997-5568,HONEYWELL,,,0,1,0,1,0
I0001,INDUSTRIAL DEVELOPMENT,,INDUST.DEV,,,0,1,0,2,0
I0002,ITT AEROSPACE/COMM. DIV.,,ITT,,,0,1,0,1,0
K0001,"K-TECHNOLOGIES, INC.",,K-TECH,,,0,1,0,1,0
L0001,LITTON,,LITTON ISD,,,0,1,0,1,0
M2125,PIONEER INDUSTRIES,,PIONEER,,,0,0,0,0,0
M2255,AEROSPACE INDUSTRIES,516 932-1422,AEROSPACE,,,0,0,0,0,0
M4235,CVC SALES,937 435 8328,CVC,,,0,0,0,0,0
M5212,ELECTRONIC MANUFACTURES,818 998-2527,ELECTRONIC,,,0,0,0,0,0
M5555,KAMPI COMPONENTS,215 788-2055,KAMPI,,,0,0,0,0,0
M5698,NEW ERA CONTRACT,253 272-4212,NEW ERA,,,0,0,0,0,0
N0001,NEDRON INC.,323 936-8028,NEDRON,,,0,0,0,0,0
N0002,DEPARTMENT OF THE NAVY,,NAVY,,,0,0,0,0,0
N0003,NASA,,NASA-GSFC,,,0,1,0,1,0
N0004,NAVAL AIR WARFARE CENTER,,NAVAL AIR,,,0,1,0,1,0
N0164,NAVAL SURF WAR CENTRAL DIVISION,,NAVSURFWAR,,,0,1,0,1,0
O5803,"OECO, LLC",503-659-5999,OECO,,,0,1,0,1,0
OSYMI,"NEVADA ELECTRONICS, INC.",,NEVADA ELC,,,0,1,0,1,0
S0001,STOCK-IT CORPORATION,516-752-7744,STOCK-IT,,,0,1,0,1,0
S0512,CMDR DCMA LOS ANGELES,,DCMA L.A.,,,0,1,0,1,0
S0513,DCMA SANTA ANA,,DCMA S A,,,0,1,0,1,0
SP090,DEFENSE SUPPLY CENTER COLUMBUS,,DSCC,,,0,1,0,1,0
SPM7M,DLA LAND & MARITIME SUPLY CHAIN,,DLA L & M,,,0,1,0,1,0
T0001,TOTAL ELECTRONICS CORP.,,TOTAL ELEC,,,0,1,0,2,0
U0001,UNISYS CORPORATION,,UNISYS,,,0,0,0,0,0
U0002,UNIVERSAL ELECTRO PRODUCTS,,UNIV ELECT,,,0,1,0,1,0
W0001,W/W INDUSTRIES,FX:513/294-0109,W/W,,,0,0,0,0,0
W6449,"WINAIR INSTRUMENT, INC.",,WINAIR,,,0,0,0,0,0
X2512,AEROSPACE MAINTENANCE SOLUTIONS,,AMS,,,0,1,0,1,0
