CoastPN,Item,Level,Name,Class,PerUnit,Unit,PartDwg,Rev,ManFSCM
1200-901,15,4,6061-T651 ALUM ALLOY,060A,1,EA,3/8 STK," 10.0 x 7.75   0.10""",-
1215,10,3,"CHUCK KEY 1/4"","",1.0000,EA""",3641 1-CHUCK KEY,,J0007,,,
1215,13,3,CHUCK KEY 3/8," 1/2""""",,1,EA,30052  BA-CHUCK KEY,NC
1230AC,27,3,COUPLING,,1,EA,"DIAMOND U"" STYLE 1/4"" MILTON INTERCHACH""",,C0014
1460,34,3,COUPLING,,1,EA,"DIAMOND U"" STYLE 1/4"" MILTON INTERCHACH""",,C0014
2305-7,28,3,FRICTION COATED MYLAR,,1,A/R,"FCM-2, 2 MIL., 1/4"," TYPE EL""",-
2305-7,29,3,MYLAR TAPE,,1,A/R,"P256, 1/8 WIDE"," MFT2.5 PER MIL-I-15126""",-
2305-7,30,3,MYLAR TAPE,,1,EA,"P256, 1/4 WIDE"," MFT2.5 PER MIL-I-15126""",
2305-7,31,3,GLASS TAPE,,1,A/R,TYPE GFT 1/4 WIDE," PER MIL-I-15126""",-
2305-8,28,3,FRICTION COATED MYLAR,,1,A/R,"FCM-2, 2 MIL., 1/4"," TYPE EL""",-
2305-8,29,3,MYLAR TAPE,,1,A/R,"P256, 1/8 WIDE"," MFT2.5 PER MIL-I-15126""",-
2305-8,30,3,MYLAR TAPE,,1,EA,"P256, 1/4 WIDE"," MFT2.5 PER MIL-I-15126""",
2305-8,31,3,GLASS TAPE,,1,A/R,TYPE GFT 1/4 WIDE," PER MIL-I-15126""",-
2305-9,28,3,FRICTION COATED MYLAR,,1,A/R,"FCM-2, 2 MIL., 1/4"," TYPE EL""",-
2305-9,29,3,MYLAR TAPE,,1,A/R,"P256, 1/8 WIDE"," MFT2.5 PER MIL-I-15126""",-
2305-9,30,3,MYLAR TAPE,,1,EA,"P256, 1/4 WIDE"," MFT2.5 PER MIL-I-15126""",
2305-9,31,3,GLASS TAPE,,1,A/R,TYPE GFT 1/4 WIDE," PER MIL-I-15126""",-
2703-001,20,4,"PINS, TERMINAL",,11,EA,"LW0.020C-32-N PER MIL-STD-1276D, CUT 3"",-""",W0002,
2712-002,20,4,"PINS, TERMINAL",,11,EA,"LW0.020C-32-N PER MIL-STD-1276D, CUT 3"",-""",W0002,
2715-445,20,4,"PINS, TERMINAL",,11,EA,"LW0.020C-32-N PER MIL-STD-1276D, CUT 3"",-""",W0002,
2718-113,20,4,"PINS, TERMINAL",,11,EA,"LW0.020C-32-N PER MIL-STD-1276D, CUT 3"",-""",W0002,
2719-016,20,4,"PINS, TERMINAL",,11,EA,"LW0.020C-32-N PER MIL-STD-1276D, CUT 3"",-""",W0002,
2730-001,20,4,"PINS, TERMINAL",,11,EA,"LW0.020C-32-N PER MIL-STD-1276D, CUT 3"",-""",W0002,
2731-553,20,4,"PINS, TERMINAL",,11,EA,"LW0.020C-32-N PER MIL-STD-1276D, CUT 3"",-""",W0002,
30049,13,4,"WIRE, INSULATE",003Q,12,EA,"M22759/33-28-9 PER MIL-W-22759, CUT 4"",-""",,
30106,7,2,LEAD WIRE,004E,8,EA,"LW0.020N-32, PER MIL-STD-1276D, LEN=2.0"",-""",,
30316,12,2,"TAPE FILM, NOMEX",,1,A/R,"TYPE 410 DUPONT, 0.005THICK"," 1 1/4""""",-
30350,12,4,"WIRE, INSULATED LEAD",003Q,9,EA,"M22759/33-28-9 PER MIL-W-22759, CUT 4"",-""",,
30350,16,2,TERMINAL/PIN (TC#20AWG),,9,EA,"LW-0.032C-32-N PER MIL-STD-1276, CUT 4"",-""",,
30366,6,4,"WIRE, INSULATED LEAD",003Q,9,EA,"M22759/33-28-9 PER MIL-W-22759, CUT 4"",-""",,
30484,13,4,"WIRE, INSULATED LEAD",003Q,12,EA,"M22759/33-30-9 PER MIL-W-22759, CUT 4"",-""",,
30501-1,18,4,"PINS, TERMINAL, CUT 4"",004F""",2,,BERYLLIUM COPPER PER (98230) ON379162-1,CUR,R0003,
30687,7,4,"WIRE, INSULATED LEAD",003Q,2,EA,"M22759/33-28-9 PER MIL-W-22759, CUT 4"",-""",,
30687,8,4,"PINS, TERMINAL",,2,EA,"LW0.032C-32-N PER MIL-STD-1276D, CUT 4"",-""",,
30816,4,3,"LEAD WIRE, TEFLON",003E,1,EA,"#24 AWG,TYPE E,RED,BRN,YEL,ORG,CUT TO 8"",-""",,
30818,4,3,"LEAD WIRE, TEFLON",003E,1,EA,"#24 AWG,TYPE E,RED,BRN,YEL,ORG,CUT TO 8"",-""",,
30832,9,2,TERMINAL/PINS (TC#22AWG),,10,EA,"LW-0.025C-32-N PER MIL-STD-1276, CUT 1"",-""",,
30833,13,4,"WIRE, INSULATED LEAD",003Q,1,EA,"M22759/33-26-9 PER MIL-W-22759, CUT 6"",-""",,
30833,14,4,"WIRE, INSULATED LEAD",003Q,2,EA,"M22759/33-28-9 PER MIL-W-22759, CUT 6"",-""",,
30875,7,2,LEAD WIRE,003E,1,EA,"#28 AWG, TYPE E PER MIL-W-16878, CUT 6"",-""",,
30905,9,4,"PINS, TERMINAL",004E,12,EA,"#22 AWG, NICKEL PER MIL-STD-1276, CUT 4"",-""",,
30906,8,4,"PINS, TERMINAL",004E,8,EA,"#24 AWG, NICKEL PER MIL-STD-1276, CUT 4"",-""",,
30922,8,2,"WIRE, INSULATED LEAD",,4,EA,"M22759/33-28-9 PER MIL-W-22759, CUT 4"",-""",,
30922,9,2,PIN/TERMINAL (TC#20AWG),,4,EA,"LW-0.032C-32-N PER MIL-STD-1276, CUT 4"",-""",,
30932,9,2,PINS/TERMINAL (TC#20AWG),,11,EA,"LW-0.032C-32-N PER MIL-STD-1276, CUT 4"",-""",,
30939,6,3,LEAD WIRE,003Q,2,EA,"M22759/33-24-9 PER MIL-W-22759 CUT 12"",-""",,
30940,6,3,LEAD WIRE,003Q,4,EA,"M22759/33-24-9 PER MIL-W-22759 CUT 12"",-""",,
30943,6,3,LEAD WIRE,003Q,2,EA,"M22759/33-24-9 PER MIL-W-22759 CUT 12"",-""",,
30944,6,3,LEAD WIRE,003Q,2,EA,"M22759/33-24-9 PER MIL-W-22759 CUT 12"",-""",,
30945,6,3,LEAD WIRE,003Q,2,EA,"M22759/33-24-9 PER MIL-W-22759 CUT 12"",-""",,
30947,9,3,LEAD WIRE,003Q,14,EA,"M22759/33-24-9 PER MIL-W-22759 CUT 12"",-""",,
30948,6,3,LEAD WIRE,003Q,2,EA,"M22759/33-24-9 PER MIL-W-22759 CUT 12"",-""",,
30949,6,3,LEAD WIRE,003Q,2,EA,"M22759/33-24-9 PER MIL-W-22759 CUT 12"",-""",,
30950,6,3,LEAD WIRE,003Q,2,EA,"M22759/33-24-9 PER MIL-W-22759 CUT 12"",-""",,
30951,6,3,LEAD WIRE,003Q,2,EA,"M22759/33-24-9 PER MIL-W-22759 CUT 12"",-""",,
30952,6,3,LEAD WIRE,003Q,2,EA,"M22759/33-24-9 PER MIL-W-22759 CUT 12"",-""",,
30953,6,3,LEAD WIRE,003Q,6,EA,"M22759/33-24-9 PER MIL-W-22759 CUT 12"",-""",,
30954,6,3,LEAD WIRE,003Q,4,EA,"M22759/33-24-9 PER MIL-W-22759 CUT 12"",-""",,
30955,8,2,PIN/TERMINAL (TC#20AWG),,12,EA,"LW-0.032C-32-N PER MIL-STD-1276, CUT 4"",-""",,
30956,20,4,"PINS, TERMINAL",,10,EA,"LW0.032C-32-N PER MIL-STD-1276D, CUT 3"",-""",W0002,
30958,6,3,LEAD WIRE,003Q,2,EA,"M22759/33-24-9 PER MIL-W-22759 CUT 12"",-""",,
30959,6,3,LEAD WIRE,003Q,6,EA,"M22759/33-24-9 PER MIL-W-22759 CUT 12"",-""",,
30960,9,3,LEAD WIRE,003Q,14,EA,"M22759/33-24-9 PER MIL-W-22759 CUT 12"",-""",,
3098,4,3,COIL FORM,006A,1,EA,".203 x .281"" x 1.18"" LG"," .020"" EG.""",-
30984,13,4,"WIRE, INSULATED LEAD",003Q,1,EA,"M22759/33-26-9 PER MIL-W-22759, CUT 6"",-""",,
30984,14,4,"WIRE, INSULATED LEAD",003Q,2,EA,"M22759/33-28-9 PER MIL-W-22759, CUT 6"",-""",,
30986,20,4,"PINS, TERMINAL",,10,EA,"LW0.032C-32-N PER MIL-STD-1276D, CUT 3"",-""",W0002,
30992,13,4,"WIRE, INSULATED LEAD",003Q,9,EA,"M22759/33-28-9 PER MIL-W-22759, CUT 4"",-""",,
30994,13,4,"WIRE, INSULATED LEAD",003Q,10,EA,"M22759/33-28-9 PER MIL-W-22759, CUT 4"",-""",,
30995,7,2,PINS/TERMINAL (TC#22AWG),,6,EA,"LW0.025C-32-N PER MIL-STD-1276, CUT 3"",-""",,
30996,7,2,PINS/TERMINAL (TC#22AWG),,2,EA,"LW0.025C-32-N PER MIL-STD-1276, CUT 3"",-""",,
30996,19,2,HOOKUP WIRE (TC#34AWG),,2,EA,"LW0.006C-32-N PER MIL-STD-1276, CUT 3"",-""",,
30997,7,2,PINS/TERMINAL (TC#22AWG),,2,EA,"LW0.025C-32-N PER MIL-STD-1276D, CUT 3"",-""",,
30997,19,2,HOOKUP WIRE (TC#34AWG),,2,EA,"LW0.006C-32-N PER MIL-STD-1276, CUT 3"",-""",,
31001,8,1,"PINS, TERMINAL (#24TC)",,28,EA,"LW0.020C-32-N PER MIL-STD-1276D, CUT 4"",-""",,
31010,14,4,"WIRE, INSULATED LEAD",003Q,2,EA,"M22759/33-28-9 PER MIL-W-22759, CUT 6"",-""",,
31011,14,4,"WIRE, INSULATED LEAD",003Q,4,EA,"M22759/33-28-9 PER MIL-W-22759, CUT 6"",-""",,
31013,16,4,LEAD,,6,EA,"LW0.020N270-35-C1  PER MIL-STD-1276, 4"",-""",,
31014,16,4,LEAD,,6,EA,"LW0.020N270-35-C1  PER MIL-STD-1276, 4"",-""",,
31016,16,4,LEAD,,2,EA,"LW0.020N270-35-C1 PER MIL-STD-1276D, 4"",-""",,
31017,16,4,LEAD,,3,EA,"LW0.020N270-35-C1 PER MIL-STD-1276D, 4"",-""",,
31018,16,4,LEAD,,4,EA,"LW0.020N270-35-C1  PER MIL-STD-1276, 4"",-""",,
31019,16,4,LEAD,,14,EA,"LW0.020N270-35-C1  PER MIL-STD-1276, 4"",-""",,
31020,16,4,LEAD,,4,EA,"LW0.020N270-35-C1  PER MIL-STD-1276, 4"",-""",,
31021,16,4,LEAD,,3,EA,"LW0.020N270-35-C1 PER MIL-STD-1276D, 4"",-""",,
31022,16,4,LEAD,,2,EA,"LW0.020N270-35-C1 PER MIL-STD-1276D, 4"",-""",,
31023,16,4,LEAD,,6,EA,"LW0.020N270-35-C1  PER MIL-STD-1276, 4"",-""",,
31024,16,4,LEAD,,6,EA,"LW0.020N270-35-C1 PER MIL-STD-1276D, 4"",-""",,
31025,16,4,LEAD,,11,EA,"LW0.020N270-35-C1  PER MIL-STD-1276, 4"",-""",,
31026,16,4,LEAD,,2,EA,"LW0.020N270-35-C1 PER MIL-STD-1276D, 4"",-""",,
31027,16,4,LEAD,,10,EA,"LW0.020N270-35-C1  PER MIL-STD-1276, 4"",-""",,
31028,16,4,LEAD,,4,EA,"LW0.020N270-35-C1  PER MIL-STD-1276, 4"",-""",,
31029,16,4,LEAD,,4,EA,"LW0.020N270-35-C1  PER MIL-STD-1276, 4"",-""",,
31035,17,4,"WIRE, LEAD",,1,A/R,"LW0.025N270-35-C1 PER MIL-STD-1276, 4"",-""",,
31037,16,4,LEAD,,2,EA,"LW0.020N270-35-C1  PER MIL-STD-1276, 4"",-""",,
31038,17,4,"WIRE, LEAD",,1,A/R,"LW0.020N270-35-C1 PER MIL-STD-1276, 4"",-""",,
31039,16,4,LEAD,,4,EA,"LW0.020N270-35-C1  PER MIL-STD-1276, 4"",-""",,
31041,16,4,LEAD,,4,EA,"LW0.020N270-35-C1 PER MIL-STD-1276D, 4"",-""",,
31042,16,4,LEAD,,2,EA,"LW0.020N270-35-C1 PER MIL-STD-1276D, 4"",-""",,
31044,16,4,LEAD,,8,EA,"LW0.020N270-35-C1 PER MIL-STD-1276D, 4"",-""",,
31045,16,4,LEAD,,18,EA,"LW0.020N270-35-C1  PER MIL-STD-1276, 4"",-""",,
31046,16,4,LEAD,,2,EA,"LW0.020N270-35-C1 PER MIL-STD-1276D, 4"",-""",,
31051,16,4,LEAD,,8,EA,"LW0.020N270-35-C1  PER MIL-STD-1276, 4"",-""",,
31056,10,4,"WIRE, INSULATED LEAD",003Q,19,EA,"M22759/33-24-9 PER MIL-W-22759, CUT 10"",-""",,
31057,10,4,"WIRE, INSULATED LEAD",003Q,19,EA,"M22759/33-24-9 PER MIL-W-22759, CUT 10"",-""",,
31059,11,4,"WIRE, INSULATED LEAD",003Q,4,EA,"M22759/33-26-9 PER MIL-W-22759, CUT 10"",-""",,
31062,16,4,LEAD,,1,A/R,"LW0.013N270-35-C1 PER MIL-STD-1276, 4"",-""",,
31063,16,4,LEAD,,2,EA,"LW0.020N270-35-C1 PER MIL-STD-1276D, 4"",-""",,
31064,16,4,LEAD,,5,EA,"LW0.020N270-35-C1  PER MIL-STD-1276, 4"",-""",,
31065,16,4,LEAD,,10,EA,"LW0.020N270-35-C1  PER MIL-STD-1276, 4"",-""",,
31066,16,4,LEAD,,2,EA,"LW0.020N270-35-C1 PER MIL-STD-1276D, 4"",-""",,
31067,16,4,LEAD,,4,EA,"LW0.020N270-35-C1 PER MIL-STD-1276D, 4"",-""",,
31071,14,4,"WIRE, INSULATED LEAD",003Q,12,EA,"M22759/33-28-9 PER MIL-W-22759, CUT 4"",-""",,
31104,16,4,LEAD,,2,EA,"LW0.020N270-35-C1  PER MIL-STD-1276, 4"",-""",,
31116,16,4,LEAD,,2,EA,"LW0.020N270-35-C1  PER MIL-STD-1276, 4"",-""",,
31118,17,4,"WIRE, EXTERNAL, SOLID",,1,A/R,"LW0.013N270-35-C1 PER MIL-STD-1276, 4"",-""",,
31119,17,4,"WIRE, EXTERNAL, SOLID",,1,A/R,"LW0.032N270-35-C1 PER MIL-STD-1276, 4"",-""",,
31130,14,4,"WIRE, INSULATED LEAD",003Q,12,EA,"M22759/33-28-9 PER MIL-W-22759, CUT 4"",-""",,
31149,14,4,"WIRE, INSULATED LEAD",003Q,10,EA,"M22759/33-28-9 PER MIL-W-22759, CUT 4"",-""",,
31152,8,3,"WIRE, TC (#24AWG)",,4,EA,"LW0.020C-32-N PER MIL-STD-1276D, CUT 3"",-""",,
31155,20,4,"PINS, TERMINAL",,15,EA,"LW0.032C-32-N PER MIL-STD-1276D, CUT 3"",-""",W0002,
31156,7,3,YELLOW MYLAR,,1,A/R,16-Mar," P256""",-
31156,8,3,BLACK MYLAR,,1,A/R,16-Mar," No. 1169""",-
31186,20,4,"PINS, TERMINAL",,12,EA,"LW0.020C-32-N PER MIL-STD-1276D, CUT 3"",-""",W0002,
31186-2,11,4,"PINS, TERMINAL",,12,EA,"LW0.020C-32-N PER MIL-STD-1276D, CUT 3"",-""",W0002,
31187,20,4,"PINS, TERMINAL",,12,EA,"LW0.020C-32-N PER MIL-STD-1276D, CUT 3"",-""",W0002,
31187-2,12,4,"PINS, TERMINAL",,12,EA,"LW0.020C-32-N PER MIL-STD-1276D, CUT 3"",-""",W0002,
31188,9,4,"PINS, TERMINAL",,8,EA,"#20AWG PER MIL-STD-1276, CUT 3"",-""",W0002,
31189-2,24,2,"CASE, POTTING",,1,EA,1-0259 (Mod: HT=.250," 8 Holes)""",-
31190,20,4,"PINS, TERMINAL",,2,EA,"LW0.040C-32-N PER MIL-STD-1276D, CUT 3"",-""",W0002,
31220,13,4,"WIRE, INSULATED LEAD",003Q,12,EA,"M22759/33-28-9 PER MIL-W-22759, CUT 4"",-""",,
31228,20,4,"PINS, TERMINAL",,2,EA,"LW0.050C-32-N PER MIL-STD-1276D, CUT 3"",-""",W0002,
31229,7,4,"WIRE, INSULATED LEAD",003Q,1,A/R,"M22759/33-28-9 PER MIL-W-22759, CUT 4"",-""",,
31229,10,4,"PINS, TERMINAL",,8,EA,"LW0.032C-32-N PER MIL-STD-1276D, CUT 3"",-""",W0002,
31233,4,3,"LEADS, 8"," WHITE""",,2,EA,3A018-070V-001,CUR
31234,24,4,"PINS, TERMINAL",,19,EA,"LW0.032C-32-N PER MIL-STD-1276D, CUT 3"",-""",W0002,
31238,10,2,"PINS, TERMINAL",,4,EA,"LW0.050C-32-N PER MIL-STD-1276D, CUT 3"",-""",W0002,
31239,10,2,"PINS, TERMINAL",,4,EA,"LW0.040C-32-N PER MIL-STD-1276D, CUT 3"",-""",W0002,
31240,10,2,"PINS, TERMINAL",,4,EA,"LW0.032C-32-N PER MIL-STD-1276D, CUT 3"",-""",W0002,
31242,7,3,"PIN, TERMINAL",,10,EA,"#20AWG. PER MIL-STD-1276, CUT 3"","",W0002""",,
31354,24,4,"PINS, TERMINAL",,14,EA,"LW0.032C-32-N PER MIL-STD-1276D, CUT 3"",-""",W0002,
31355,18,3,INSERT,,1,EA,"CBL632-6, 3/16OD"," D=0.030""""",-
31355-1,18,3,INSERT,,1,EA,"CBL632-6, 3/16OD"," D=0.030""""",-
31356,20,4,"PINS, TERMINAL",,10,EA,"LW0.032C-32-N PER MIL-STD-1276D, CUT 3"",-""",W0002,
31357,18,3,INSERT,,1,EA,"CBL632-6, 3/16OD"," D=0.030""""",-
31357-1,12,2,INSERT,,1,EA,"CB632-6, 3/16OD"," D=0.030""""",-
31359,8,3,BLK LEAD WIRE,,2,EA,14," AWG #26 PER M22759/33-26-0""",CUR
31359,9,3,BRN LEAD WIRE,,1,EA,14," AWG #26 PER M22759/33-26-1""",CUR
31359,10,3,ORG LEAD WIRE,,1,EA,14," AWG #26 PER M22759/33-26-3""",CUR
31359,11,3,YEL LEAD WIRE,,1,EA,6," AWG #26 PER M22759/33-26-4""",CUR
31359,12,3,YEL LEAD WIRE,,1,EA,14," AWG #26 PER M22759/33-26-4""",CUR
31359,14,3,GRN LEAD WIRE,,1,EA,14," AWG #26 PER M22759/33-26-5""",CUR
31359,15,3,BLU LEAD WIRE,,1,EA,14," AWG #26 PER M22759/33-26-6""",CUR
31359,16,3,BLU LEAD WIRE,,1,EA,6," AWG #26 PER M22759/33-26-6""",CUR
31359,17,3,GRY LEAD WIRE,,1,EA,14," AWG #26 PER M22759/33-26-8""",CUR
31359,18,3,VIO LEAD WIRE,,1,EA,6," AWG #26 PER M22759/33-26-7""",CUR
31360,5,3,LEAD WIRE,,1,A/R,"ORG, 16"," AWG #26 PER M22759/33""",CUR
31360,6,3,LEAD WIRE,,1,EA,"BLK, 16"," AWG #26 PER M22759/33""",CUR
31360,7,3,LEAD WIRE,,1,EA,"WHT, 16"," AWG #26 PER M22759/33""",CUR
31360,8,3,LEAD WIRE,,1,EA,"GRY, 16"," AWG #26 PER M22759/33""",CUR
31360,9,3,LEAD WIRE,,1,EA,"VIO, 16"," AWG #26 PER M22759/33""",CUR
31360,10,3,LEAD WIRE,,1,EA,"YEL, 16"," AWG #26 PER M22759/33""",CUR
31361,5,3,RED LEAD WIRE,,1,EA,14," AWG #26 PER M22759/33-26-2""",CUR
31361,6,3,GRN LEAD WIRE,,1,EA,14," AWG #26 PER M22759/33-26-5""",CUR
31363,5,3,RED LEAD WIRE,,1,EA,6," AWG #26 PER M22759/33-26-2""",CUR
31363,6,3,GREY LEAD WIRE,,1,EA,14," AWG #26 PER M22759/33-26-8""",CUR
31365,5,3,BLK LEAD WIRE,,1,EA,14," AWG #26 PER M22759/33-26-0""",CUR
31365,6,3,WHT LEAD WIRE,,1,EA,14," AWG #26 PER M22759/33-26-9""",CUR
31366,5,3,BRN LEAD WIRE,,1,EA,3," AWG #26 PER M22759/33-26-1""",CUR
31366,6,3,WHT LEAD WIRE,,1,EA,16," AWG #26 PER M22759/33-26-9""",CUR
31366,7,3,VIO LEAD WIRE,,1,EA,16," AWG #26 PER M22759/33-26-7""",CUR
31366,8,3,BLU LEAD WIRE,,1,EA,16," AWG #26 PER M22759/33-26-6""",CUR
31366,9,3,YEL LEAD WIRE,,1,EA,3," AWG #26 PER M22759/33-26-4""",CUR
31377,14,4,"WIRE, INSULATED LEAD",003Q,10,EA,"M22759/33-28-9 PER MIL-W-22759, CUT 4"",-""",,
31388,8,4,"PINS, TERMINAL",,2,EA,"LW0.020C-32-N PER MIL-STD-1276D, CUT 3"",-""",W0002,
31418,20,4,"PINS, TERMINAL",,12,EA,"LW0.020C-32-N PER MIL-STD-1276D, CUT 3"",-""",W0002,
31418-2,12,4,"PINS, TERMINAL",,12,EA,"LW0.020C-32-N PER MIL-STD-1276D, CUT 3"",-""",W0002,
31418-2A,12,4,"PINS, TERMINAL",,12,EA,"LW0.020C-32-N PER MIL-STD-1276D, CUT 3"",-""",W0002,
31421,18,4,"PINS, TERMINAL",,10,EA,"LWO.032C-32-N PER MIL-STD-1276D, CUT 4"",-""",,
31421,26,4,"PINS, TERMINAL",,10,EA,"LW0.032C-32-N PER MIL-STD-1276D, CUT 3"",-""",W0002,
31423,9,4,"PINS, TERMINAL",,8,EA,"LW0.029C-32-N PER MIL-STD-1276D, CUT 3"",-""",W0002,
31425,11,4,"PINS, TERMINAL",,15,EA,"LW0.029C-32-N PER MIL-STD-1276D, CUT 3"",-""",W0002,
31426,7,4,"PINS, TERMINAL",,2,EA,"LW0.029C-32-N PER MIL-STD-1276D, CUT 3"",-""",W0002,
31427,11,4,"PINS, TERMINAL",,6,EA,"LW0.029C-32-N PER MIL-STD-1276D, CUT 3"",-""",W0002,
31428,10,4,"PINS, TERMINAL",,6,EA,"LW0.029C-32-N PER MIL-STD-1276D, CUT 3"",-""",W0002,
31429,9,4,"PINS, TERMINAL",,4,EA,"LW0.029C-32-N PER MIL-STD-1276D, CUT 3"",-""",W0002,
31430,8,4,"PINS, TERMINAL",,4,EA,"LW0.029C-32-N PER MIL-STD-1276D, CUT 3"",-""",W0002,
31431,9,4,"PINS, TERMINAL",,10,EA,"LW0.029C-32-N PER MIL-STD-1276D, CUT 3"",-""",W0002,
31435,8,4,"PINS, TERMINAL",,6,EA,"LWO.040C-32-N PER MIL-STD-1276D,CUT 3"",-""",W0002,
31446,3,3,CORE,,1,EA,"CRL-1097A, Gap = .008"," COATED""",-
31475,24,4,"PINS, TERMINAL",,14,EA,"LW0.032C-32-N PER MIL-STD-1276D, CUT 3"",-""",W0002,
31476,16,3,LEAD WIRE,,4,EA,"M22759/11-26-9 #26 AWG, TEFLON WIRE 9"","",""",,
31477,6,4,LEAD WIRE,006A,2,EA,"M22759/11-26-9,#26 AWG TEFLON WIRE,CUT8"",-""",,
3150,5,3,BRACKET,,1,EA,"3/16 x 3/16, Horiz., STYLE A"""," CAD PLD""",-
31504,20,4,"PINS, TERMINAL",,2,EA,"LW0.032C-32-N PER MIL-STD-1276D, CUT 3"",-""",W0002,
31506,20,4,"PINS, TERMINAL",,4,EA,"LW0.032C-32-N PER MIL-STD-1276D, CUT 3"",-""",W0002,
31506-1,7,3,"WIRE, TC (#20 AWG)",,4,EA,"LW-0.032C-32-N PER MIL-STD-1276, CUT 3"",-""",,
31506-2,11,4,"PINS, TERMINAL",,4,EA,"LW0.032C-32-N PER MIL-STD-1276D, CUT 3"",-""",W0002,
31528,24,3,"CASE, POTTING",,1,EA,1-0259 (Mod: HT=.250," 8 Holes)""",-
31529,10,4,"PINS, TERMINAL",,15,EA,"LW0.029C-32-N PER MIL-STD-1276D, CUT 3"",-""",W0002,
31534,11,4,"PINS, TERMINAL",,6,EA,"LW0.029C-32-N PER MIL-STD-1276D, CUT 3"",-""",W0002,
31535,7,4,"PINS, TERMINAL",,2,EA,"LW0.032C-32-N PER MIL-STD-1276D, CUT 3"",-""",W0002,
31536,8,4,"PINS, TERMINAL",,7,EA,"LW0.025C-32-N PER MIL-STD-1276D, CUT 3"",-""",W0002,
31537,10,4,"PINS, TERMINAL",,7,EA,"LW0.032C-32-N PER MIL-STD-1276D, CUT 3"",-""",W0002,
31538,9,4,"PINS, TERMINAL",,4,EA,"LW0.032C-32-N PER MIL-STD-1276D, CUT 3"",-""",W0002,
31540,19,4,"PINS, TERMINAL",,2,EA,"LW0.032C-32-N PER MIL-STD-1276D, CUT 3"",-""",W0002,
31541,18,4,"PINS, TERMINAL",,2,EA,"LW0.032C-32-N PER MIL-STD-1276D, CUT 3"",-""",W0002,
31542,18,4,"PINS, TERMINAL",,2,EA,"LW0.032C-32-N PER MIL-STD-1276D, CUT 3"",-""",W0002,
31543,19,4,"PINS, TERMINAL",,2,EA,"LW0.032C-32-N PER MIL-STD-1276D, CUT 3"",-""",W0002,
31544,4,3,TEFLON LEADS,003E,2,EA,6 #28 AWG TEFLON LEADS," BROWN & GREEN""",-
31546,4,3,TEFLON LEADS,003E,2,EA,6 #28 AWG TEFLON LEADS," BLACK & ORANGE""",-
31547,4,3,TEFLON LEADS,003E,2,EA,6 #28 AWG TEFLON LEADS," GREEN & YELLOW""",-
31548,4,3,TEFLON LEADS,003E,2,EA,6 #28 AWG TEFLON LEADS," BLACK & BLUE""",-
31549,4,3,TEFLON LEADS,003E,2,EA,6 #28 AWG TEFLON LEADS," BROWN & GREEN""",-
31550,4,3,TEFLON LEADS,003E,2,EA,6 #28 AWG TEFLON LEADS," BLACK & ORANGE""",-
31551,4,3,TEFLON LEADS,003E,2,EA,6 #28 AWG TEFLON LEADS," GREEN & YELLOW""",-
31552,4,3,TEFLON LEADS,003E,2,EA,6 #28 AWG TEFLON LEADS," VIOLET & GREEN""",-
31553,4,3,TEFLON LEADS,003E,2,EA,6 #28 AWG TEFLON LEADS," BROWN & GREEN""",-
31554,4,3,TEFLON LEADS,003E,2,EA,6 #28 AWG TEFLON LEADS," BROWN & WHITE""",-
31555,4,3,TEFLON LEADS,003E,2,EA,6 #28 AWG TEFLON LEADS," RED & GREEN""",-
31556,4,3,TEFLON LEADS,003E,2,EA,6 #28 AWG TEFLON LEADS," BLACK & ORANGE""",-
31557,4,3,TEFLON LEADS,003E,2,EA,6 #28 AWG TEFLON LEADS," GREEN & YELLOW""",-
31562,14,4,"PINS, TERMINAL",,14,EA,"LW0.032C-32-N PER MIL-STD-1276D, CUT 3"",-""",W0002,
31565,4,4,"3 PHASE, 6 Mil SILICON",,1,SET,D=1," E=1/4"" (2E=1/2"")"," F=5/8"""
31566,4,4,"CUT CORE, 2 Mil SILICON",,2,SET,D=5/8," E=3/8"""," F=3/4"""
31567,6,1,"PINS, TERMINAL",,8,EA,"LWO.040C-32-N PER MIL-STD-1276D, CUT 3"",-""",W0002,
31711,9,2,"WIRE, TC (#20AWG)",,12,EA,"LW-0.032C-32-N PER MIL-STD-1276, CUT 1"",-""",,
31711-2,10,2,"WIRE, TC (#20AWG)",,12,EA,"LW-0.032C-32-N PER MIL-STD-1276, CUT 1"",-""",,
31712-2,9,2,"WIRE, TC (#20AWG)",,12,EA,"LW-0.032C-32-N PER MIL-STD-1276, CUT 1"",-""",,
31713-2,8,2,"WIRE, TC (#20AWG)",,12,EA,"LW-0.032C-32-N PER MIL-STD-1276, CUT 1"",-""",,
31715,8,1,"PINS, TERMINAL",,3,EA,"LWO.051-C-32-N PER MIL-STD-1276D, CUT 3"","",""",,
31715,11,1,"PINS, TERMINAL",,8,EA,"LWO.040-C-32-N PER MIL-STD-1276D, CUT 3"","",""",,
31718,20,4,"PINS, TERMINAL",,2,EA,"LW0.032C-32-N PER MIL-STD-1276D, CUT 3"",-""",W0002,
31787,7,4,"PIN, TERMINAL",,10,EA,"LWO.032C-32-N PER MIL-STD-981, CUT 3"","",W0002""",,
31814,10,4,"PINS, TERMINAL",,4,EA,"LW0.029C-32-N PER MIL-STD-1276D, CUT 3"",-""",W0002,
31815,10,4,"PINS, TERMINAL",,8,EA,"LW0.029C-32-N PER MIL-STD-1276D, CUT 3"",-""",W0002,
31816,11,4,"PINS, TERMINAL",,5,EA,"LW0.020C-32-N PER MIL-STD-1276D, CUT 3"",-""",W0002,
31817,11,4,"PINS, TERMINAL",,9,EA,"LW0.029C-32-N PER MIL-STD-1276D, CUT 3"",-""",W0002,
31818,14,4,"PINS, TERMINAL",,6,EA,"LW0.029C-32-N PER MIL-STD-1276D, CUT 3"",-""",W0002,
31819,10,4,"PINS, TERMINAL",,6,EA,"LW0.029C-32-N PER MIL-STD-1276D, CUT 3"",-""",W0002,
31820,10,4,"PINS, TERMINAL",,6,EA,"LW0.029C-32-N PER MIL-STD-1276D, CUT 3"",-""",W0002,
31821,12,4,"PINS, TERMINAL",,8,EA,"LW0.029C-32-N PER MIL-STD-1276D, CUT 3"",-""",W0002,
31822,11,4,"PINS, TERMINAL",,20,EA,"LW0.029C-32-N PER MIL-STD-1276D, CUT 3"",-""",W0002,
31823,11,4,"PINS, TERMINAL",,20,EA,"LW0.029C-32-N PER MIL-STD-1276D, CUT 3"",-""",W0002,
31824,12,4,"PINS, TERMINAL",,20,EA,"LW0.029C-32-N PER MIL-STD-1276D, CUT 3"",-""",W0002,
31851-2,8,2,"WIRE, TC (18AWG)",,6,EA,"LW-0.040C-32-N PER MIL-STD-1276, CUT 2"",-""",,
31856,8,2,"WIRE, TC (#20AWG)",,6,EA,"LW-0.032C-32-N PER MIL-STD-1276, CUT 2"",-""",,
31857,8,2,"WIRE, TC (#20AWG)",,4,EA,"LW-0.032C-32-N PER MIL-STD-1276, CUT 2"",-""",,
31942,6,2,"WIRE, TC (#20AWG)",,8,EA,"LW-0.032C-32-N PER MIL-STD-1276, CUT 2"",-""",,
31977,9,2,"WIRE, TC (#22AWG)",,7,EA,"LW-0.025C-32-N PER MIL-STD-1276, CUT 1"",-""",,
31986,19,1,"PINS, TERMINAL",,4,EA,"18awgTC,C10200,PerMIL-STD-1276TY C.Cut4"",-""",W0002,
31986,20,1,"PINS, TERMINAL",,14,EA,"20awgTC,C10200,perMIL-STD-1276TY C.Cut4"",-""",W0002,
32072,8,1,"PINS, TERMINAL",,3,EA,"LWO.051C-32-N PER MIL-STD-1276D, CUT 3"","",""",,
32072,9,1,"PINS, TERMINAL",,8,EA,"LWO.040C-32-N PER MIL-STD-1276D, CUT 3"","",""",,
32077,18,4,"PINS, TERMINAL",,6,EA,"LW0.032C-32-N PER MIL-STD-1276D, CUT 3"",-""",W0002,
32206,8,4,"FOIL, COPPER",,1,A/R,"T-26 X 1/4"",-""",F0003,
32218,9,3,TEFLON LEAD,,1,EA,"#14 AWG, 8 LG."," RED W/WHT STRIPE""",
32218,11,3,NOMEX TAPE,,1,A/R,TYPE 410 (DUPONT) 1-1/4," 0.005 MIL""",
32218,12,3,KAPTON TAPE (NO ADHESIVE),,1,A/R,1/1/2016," 0.005""THICK""",-
32242,7,4,"PIN, TERMINAL",,10,EA,"LWO.032C-32-N PER MIL-STD-981, CUT 3"","",W0002""",,
3238,7,3,SHIELD,,41,IN,"T-26 x 1/2"",-""",F0003,
32459,8,1,"PIN, TERMINAL (#20AWG)",,4,EA,"LW0.032-32-N PER MIL-STD-1276D, CUT 3"",-""",,
32486,9,4,TUBE,,1,EA,"ID=.173,THK=.020,LG=1.75"," MATERIAL:G10""",
32613,8,3,"PINS, TERMINAL",,6,EA,"LW0.025C-32-N PER MIL-STD-1276D, CUT 3"",-""",W0002,
32646,7,3,"WIRE, TINNED NICKLE",,1,A/R,"#22awg(LWO.025N-32N,MIL-STD-1276) cut 4"","",""",,
32647,9,3,"WIRE, TINNED NICKLE",,1,A/R,"#22awg(LWO.025N-32N,MIL-STD-1276) cut 2"","",""",,
32649,7,4,"WIRE, INSULATED LEAD",003Q,2,EA,"M22759/33-28-9 PER MIL-W-22759, CUT 4"",-""",,
32649,8,4,"PINS, TERMINAL",,2,EA,"LW0.032C-32-N PER MIL-STD-1276D, CUT 4"",-""",,
32679,8,4,"WIRE, INSULATED LEAD",003Q,2,EA,"M22759/33-28-9 PER MIL-W-22759, CUT 4"",-""",,
32679,9,4,"PINS, TERMINAL",,2,EA,"LW0.032C-32-N PER MIL-STD-1276D, CUT 4"",-""",,
32749,7,3,"PINS, TERMINAL",,12,EA,"LWO.032-32-N PER MIL-STD-1276D, CUT 3"",-""",W0002,
32750,7,3,"PINS, TERMINAL",,12,EA,"LWO.032-32-N PER MIL-STD-1276D, CUT 3"",-""",W0002,
32751,8,3,"PINS, TERMINAL",,12,EA,"LWO.032C-32-N PER MIL-STD-1276D, CUT 3"",-""",W0002,
32752,8,3,"PINS, TERMINAL",,12,EA,"LWO.032C-32-N PER MIL-STD-1276D, CUT 3"",-""",W0002,
32753,6,3,"PINS, TERMINAL",,10,EA,"LWO.032C-32-N PER MIL-STD-1276D, CUT 3"",-""",W0002,
32754,8,3,"PINS, TERMINAL",,12,EA,"LWO.032C-32-N PER MIL-STD-1276D, CUT 3"",-""",W0002,
32755,8,3,"PINS, TERMINAL",,8,EA,"LWO.032C-32-N PER MIL-STD-1276D, CUT 3"",-""",W0002,
32756,6,3,"PINS, TERMINAL",,6,EA,"LWO.032C-32-N PER MIL-STD-1276D, CUT 3"",-""",W0002,
32757,8,3,"PINS, TERMINAL",,8,EA,"LWO.032C-32-N PER MIL-STD-1276D, CUT 3"",-""",W0002,
32787,6,1,"PINS, TERMINAL",,4,EA,"LWO.057C-32-N PER MIL-STD-1276D, CUT 3"","",W0002""",,
32865,8,1,"PINS, TERMINAL",,3,EA,"LWO.040C-32-N PER MIL-STD-1276D, CUT 3"",-""",,
32895,15,3,CABLE TIES,,12,EA,Size: 8.5," Bundle Dia: 1/16"" - 2""""",-
32910,4,2,CORE,,1,EA,"STX-1139C4-A, EPOXY COATED & GAP 0.010"",-""",M0099,
3369,19,3,LEAD WIRE,006E,1,EA,"#18 AWG, TEF, TYPE E"""," CUT 8"" EA.""",
3379,18,3,LEAD WIRE,003E,1,EA,"#18 TEFLON, TYPE E, CUT 1.6"," COLOR: BLK""",-
34049,6,2,CLEAR MYLAR TAPE,,1,A/R,"3M #5, 1/4"",-""",75037,
34067,5,3,"WIRE, TC",,8,EA,"#22AWG PER MIL-STD-1276, CUT 3"",CUR""",W0002,
34077,8,2,"PINS, TERMINAL",,12,EA,"LWO.032C-32-N PER MIL-STD-1276D, CUT 3"",-""",W0002,
34077-2,8,3,"WIRE, TC",000F,12,EA,"#20AWG, PER MIL-STD-1276, CUT 3"",-""",W0002,
34078,8,3,"WIRE, TC",,8,EA,"#20AWG, PER MIL-STD-1276, CUT 1.5"",-""",W0002,
34078-2,8,3,"PINS, TERMINAL",,8,EA,"LWO.032C-32-N PER MIL-STD-1276D, CUT 3"",-""",W0002,
34086,9,3,"PINS, TERMINAL",,9,EA,"LWO.025C-32-N PER MIL-STD-1276D,CUT 3"",-""",W0002,
34091,20,3,"PINS, TERMINAL, AWG #18",,16,EA,"LW0.040C-32-N PER MIL-STD-1276, CUT 3"",F""",W0002,
34106,6,3,LEAD,,14,EA,"LWO.032C-32-N Per Mil-Std-1276D, cut 3"",-""",,
34106-3,9,3,INSERT,,4,EA,"CBL440-8, D=0.031"",-""",21698,
34128,16,1,"PINS, TERMINAL",,15,EA,"LWO.025-C-32-N PER MIL-STD-1276D, CUT 3"",NC""",,
34378,9,4,"WIRE, INSULATED LEAD",003Q,2,EA,"M22759/33-28-9 PER MIL-W-22759, CUT 4"",-""",,
34378,10,4,"PINS, TERMINAL",,2,EA,"LW0.032C-32-N PER MIL-STD-1276D, CUT 4"",-""",,
34566-3,12,2,BANDING,,1,A/R,"3/8 x 0.006""THICK"," TIN-COATED STRAP""",-
34677,11,4,"PINS, TERMINAL",,12,EA,"LW0.020C-32-N PER MIL-STD-1276D, CUT 3"",-""",W0002,
34677-2,11,4,"PINS, TERMINAL",,12,EA,"LW0.020C-32-N PER MIL-STD-1276D, CUT 3"",-""",W0002,
34678-2,12,4,"PINS, TERMINAL",,12,EA,"LW0.020C-32-N PER MIL-STD-1276D, CUT 3"",-""",W0002,
34689-2,10,4,"PINS, TERMINAL",,12,EA,"LW0.020C-32-N PER MIL-STD-1276D, CUT 3"",-""",W0002,
34738-1,11,3,SCREW,,4,EA,#4-40 x 5/16," FLAT.HD 100? S.S""",-
34738-3,11,3,SCREW,,4,EA,#4-40 x 5/16," FLAT.HD 100? S.S""",-
34747-3,8,3,"WIRE, TC (#22AWG)",,10,EA,"LW-0.025C-32-N PER MIL-STD-1276, CUT 1"",-""",,
34747-4,7,3,"WIRE, TC (#22AWG)",,10,EA,"LW-0.025C-32-N PER MIL-STD-1276, CUT 1"",-""",,
34759,5,3,COPPER LEAD WIRE,,2,EA,"#24 AWG PER MIL-STD-1276, TYPE C. CUT 2"",-""",,
34811,4,3,CORE,,1,EA,"CRH-STYLE (4 MIL SILICON), GAP=0.050"",CUR""",M0099,
34815-3,10,2,BANDING,,1,A/R,"0.006 x 3/8"""," TIN-COATED STRAP""",
34975-1,11,3,BAND,,1,A/R,"0.006 x 3/8"""," COLD ROLLED STEEL.""",-
34981-1,11,3,BAND,,1,A/R,"0.006 x 3/8"""," COLD ROLLED STEEL.""",-
35001,8,4,"WIRE, INSULATED LEAD",003Q,10,EA,"M22759/33-28-9 PER MIL-W-22759, CUT 4"",-""",,
35030-4,7,3,"WIRE, TC (#20 AWG)",,14,EA,"LW0.032C-32-N PER MIL-STD-1276, CUT 1"",-""",,
35037-1,15,3,BAND,,1,A/R,"0.012 x 3/8"""," COLD ROLLED STEEL.""",-
35038-1,11,3,BAND,,1,A/R,"0.006 x 3/8"""," COLD ROLLED STEEL.""",-
35039,9,4,"WIRE, INSULATED LEAD",003Q,10,EA,"M22759/33-28-9 PER MIL-W-22759, CUT 3"",-""",,
35040,7,2,"WIRE, INSULATED LEAD",,2,EA,"#28AWG MIL-W-22759/33 (ANY COLOR) CUT 3"",-""",,
35069,5,3,"WIRE, INSULATED",,2,EA,"M22759/33-28-9 PER MIL-W-22759, CUT 4"",-""",,
35069,9,3,"WIRE, TC (#20AWG)",,4,EA,"LW0.032C-32-N PER MIL-STD-1276, CUT 3"",-""",,
35070,10,3,"WIRE, TC (#24AWG)",,2,EA,"LW0.020C-32-N PER MIL-STD-1276, CUT 1"",-""",,
35070,11,3,"WIRE, TC (#24AWG)",,6,EA,"LW0.020C-32-N PER MUL-STD-1276, CUT 4"",-""",,
35071,5,4,"WIRE, INSULATED",,2,EA,"M22759/33-24-9 PER MIL-W-22759, CUT 3"",-""",,
35071,11,4,"WIRE, TC (#16AWG)",,4,EA,"LW0.050C-32-N PER MIL-STD-1276, CUT 3"",-""",,
35072,6,4,"WIRE, INSULATED",,2,EA,"M22759/33-24-9 PER MIL-W-22759, CUT 3"",-""",,
35072,11,4,"WIRE, TC (#18AWG)",,4,EA,"LW0.040C-32-N PER MIL-STD-1276, CUT 3"",-""",,
35073,6,4,"WIRE, INSULATED",,2,EA,"M22759/33-26-9 PER MIL-W-22759, CUT 3"",-""",,
35073,11,4,"WIRE, TC (#20AWG)",,4,EA,"LW0.032C-32-N PER MIL-STD-1276, CUT 3"",-""",,
35113E,6,3,"WIRE, TC (#16 AWG)",,16,EA,"LW0.050C-32-N PER MIL-STD-1276, CUT 1"",-""",,
35113S,6,2,"WIRE, TC (#16 AWG)",,16,EA,"LW0.050C-32-N PER MIL-STD-1276, CUT 1"",-""",,
35119,12,3,FIBERMAT,,1,A/R,"TYPE 2540, �"",-""",75037,
35120,11,3,FIBERMAT,,1,A/R,"TYPE 2540, �"",-""",75037,
35140,5,3,"WIRE, INSULATED",,2,EA,"M22759/44-26-9 PER MIL-W-22759, CUT 2"",-""",,
35156,7,3,"WIRE, INSULATED",,1,EA,"M22759/35-24-0 PER MIL-W-22759, CUT 2"",-""",,
35156,8,3,"WIRE, INSULATED",,15,EA,"M22759/35-24-9 PER MIL-W-22759, CUT 2"",-""",,
35157,7,3,"WIRE, INSULATED",,1,EA,"M22759/35-20-0 PER MIL-W-22759, CUT 2"",-""",,
35157,8,3,"WIRE, INSULATED",,15,EA,"M22759/35-20-9 PER MIL-W-22759, CUT 2"",-""",,
35166-2,10,3,"WIRE, TC (#24AWG)",,8,EA,"LW0.020C-32-N PER MIL-STD-1276, CUT 1"",-""",,
35166-2,13,3,"CASE, POTTING",,1,EA,1-0259 (Mod: HT=.250," 8 Holes)""",-
35176,8,3,"WIRE, TC (#20AWG)",,10,EA,"LW-0.032C-32-N PER MIL-STD-1276, CUT .5"",-""",,
35177,7,3,"WIRE, TC (#20AWG)",,4,EA,"LW-0.032C-32-N PER MIL-STD-1276, CUT .5"",-""",,
35220-1,6,3,LEAD WIRE,,1,EA,"M22759/43-14-9 PER MIL-W-22759, CUT 10"",-""",,
35220-1,7,3,LEAD WIRE,,1,EA,"M22759/43-14-0 PER MIL-W-22759, CUT 10"",-""",,
35220-1,8,3,LEAD WIRE,,1,EA,"M22759/43-14-4 PER MIL-W-22759, CUT 10"",-""",,
35220-1,9,3,LEAD WIRE,,1,EA,"M22759/43-14-6 PER MIL-W-22759, CUT 10"",-""",,
35220-2,6,3,LEAD WIRE,,1,EA,"M22759/43-14-9 PER MIL-W-22759, CUT 10"",-""",,
35220-2,7,3,LEAD WIRE,,1,EA,"M22759/43-14-0 PER MIL-W-22759, CUT 10"",-""",,
35220-2,8,3,LEAD WIRE,,1,EA,"M22759/43-14-4 PER MIL-W-22759, CUT 10"",-""",,
35220-2,9,3,LEAD WIRE,,1,EA,"M22759/43-14-6 PER MIL-W-22759, CUT 10"",-""",,
35225-2,8,3,INSERT,,1,EA,"CBL632-6, 3/16OD"," D=0.030""""",-
35237,8,3,"PINS, TERMINAL",,2,EA,"LW0.020C-32-N PER MIL-STD-1276, CUT 3"",-""",,
35238,8,3,"WIRE, TC (#20AWG)",,10,EA,"LW-0.032C-32-N PER MIL-STD-1276, CUT 1"",-""",,
35244,6,3,"WIRE, TC (#22AWG)",,2,EA,"LW-0.025C-32-N PER MIL-STD-1276, CUT 1"",-""",,
35246,12,3,FIBERMAT,,1,A/R,"TYPE 2540, �"",-""",75037,
35248,10,3,"WIRE, TC (#20AWG)",,12,A/R,"LW0.032C-32-N PER MIL-STD-1276, CUT 1"",-""",,
35249,10,3,"WIRE, TC (#20AWG)",,2,E/A,"LW0.032C-32-N PER MIL-STD-1276, CUT 2"",-""",,
35250-3,4,3,CORE,,1,SET,"FERROXCUBE P26/16-3C95, AIR GAP 0.018"",-""",F0002,
35252-1,4,3,CORE,,1,SET,"FERROXCUBE P22/13-3C95, AIR GAP 0.019"",-""",F0002,
35252-3,4,3,CORE,,1,SET,"FERROXCUBE P22/13-3C95, AIR GAP 0.019"",-""",F0002,
35253-1,4,3,CORE,,1,SET,"FERROXCUBE P18/11-3C95, AIR GAP 0.009"",-""",F0002,
35253-3,4,3,CORE,,1,SET,"FERROXCUBE P18/11-3C95, AIR GAP 0.009"",-""",F0002,
35261-1,4,3,CORE,,1,SET,"FERROXCUBE P22/13-3C95, AIR GAP 0.019"",-""",F0002,
35261-3,4,3,CORE,,1,SET,"FERROXCUBE P22/13-3C95, AIR GAP 0.019"",-""",F0002,
35262-3,8,3,"WIRE, TC (#20AWG)",,9,EA,"LWO.032C-32-N PER MIL-STD-1276, CUT 1"",-""",,
35272,8,3,"WIRE, PINS (#20AWG)",,17,A/R,"LW0.032C-32-N PER MIL-STD-1276, CUT 3"",-""",,
35273-4,4,3,CORE,,1,SET,"P18/11-3C95-UG, AIR GAP 0.019"",-""",F0002,
35281,10,3,"WIRE, PINS (#20 AWG)",,10,EA,"LW-0.032C-32-N PER MIL-STD-1276, CUT 1"",-""",,
35283-4,6,3,"WIRE, TC (#18AWG)",,12,EA,"LW-0.040C-32-N PER MIL-STD-1276, CUT 1"",-""",,
35289,8,3,"WIRE, PINS (#20 AWG)",,10,EA,"LW-0.032C-32-N PER MIL-STD-1276, CUT 1"",-""",,
35339-1,8,3,"WIRE, TC (#20AWG)",,8,EA,"LW-0.032C-32-N PER MIL-STD-1276.CUT 1.5"",-""",,
35339-2,8,3,"WIRE, TC (#20AWG)",,8,EA,"LW-0.032C-32-N PER MIL-STD-1276.CUT 1.5"",-""",,
35339-3,8,3,"WIRE, TC (#20AWG)",,8,EA,"LW-0.032C-32-N PER MIL-STD-1276.CUT 1.5"",-""",,
35340-1,9,3,"WIRE, TC (#20AWG)",,6,EA,"LW-0.032C-32-N PER MIL-STD-1276.CUT 1.5"",-""",,
35340-2,9,3,"WIRE, TC (#20AWG)",,6,EA,"LW-0.032C-32-N PER MIL-STD-1276.CUT 1.5"",-""",,
35340-3,9,3,"WIRE, TC (#20AWG)",,6,EA,"LW-0.032C-32-N PER MIL-STD-1276.CUT 1.5"",-""",,
35341-1,8,3,"WIRE, TC (#20AWG)",,8,EA,"LW-0.032C-32-N PER MIL-STD-1276.CUT 1.5"",-""",,
35341-2,8,3,"WIRE, TC (#20AWG)",,8,EA,"LW-0.032C-32-N PER MIL-STD-1276.CUT 1.5"",-""",,
35341-3,8,3,"WIRE, TC (#20AWG)",,8,EA,"LW-0.032C-32-N PER MIL-STD-1276.CUT 1.5"",-""",,
35344-S,6,3,"WIRE, TC (#16AWG)",,16,EA,"LW-0.050C-32-N PER MIL-STD-1276, CUT 2"",-""",,
35344B,6,3,"WIRE, TC (#16AWG)",,16,EA,"LW-0.050C-32-N PER MIL-STD-1276, CUT 2"",-""",,
35346-1,6,3,"WIRE, TC (#20AWG)",,4,EA,"LW-0.032C-32-N PER MIL-STD-1276.CUT 1.5"",-""",,
35346-2,6,3,"WIRE, TC (#20AWG)",,4,EA,"LW-0.032C-32-N PER MIL-STD-1276.CUT 1.5"",-""",,
35346-3,6,3,"WIRE, TC (#20AWG)",,4,EA,"LW-0.032C-32-N PER MIL-STD-1276.CUT 1.5"",-""",,
35351-02,8,3,"WIRE, TC (#22AWG)",,10,EA,"LW-0.025C-32-N PER MIL-STD-1276, CUT 1"",-""",,
35354-02,6,3,"WIRE, TC (#20AWG)",,9,EA,"LW-0.032C-32-N PER MIL-STD-1276, CUT 1"",-""",,
35362,8,3,COPPER FOIL,,1,A/R,"THICK .002 TO .004"""," WIDTH .500""  .005""""",-
35368,10,3,BANING STRAP,,1,A/R,".006 x 3/8"" PHOSPHOROUS BRONZE"," GRADE A""",-
35379-1,10,3,BANDING STRAP,,1,A/R,".006 x 3/8"" PHOSPHOROUS BRONZE"," GRADE A""",-
35379-1,11,3,BANDING SEAL,,1,EA,"3/8 x 3/8"" TIN COAT"," COLD ROLLED STEAL""",-
35379-1,17,3,NOMEX TAPE,,1,A/R,.002THICK," TYPE 410""",-
35379-1,20,3,3M TAPE SUPER 10,,1,A/R,"EPOXY FILM, THERMOSET 155C, 3/8"",-""",75037,
35379-1,21,3,HEAT SHRINK,,1,A/R,KYNAR CLEAR .125ID," .010""THICK""",-
35384-3,6,3,BANDING STRAP,,1,A/R,".006 x 3/8"" PHOSPHOROUS BRONZE"," GRADE A""",-
35384-3,7,3,BANDING SEAL (CHIP),,1,EA,"3/8 x 3/8"" TIN COAT"," COLD ROLLED STEAL""",-
35393,10,2,PINS (TC#16AWG),,4,EA,"LW-0.050C-32-N PER MIL-STD-1276, CUT 3"",-""",,
35394,10,2,PINS (TC#18AWG),,4,EA,"LW-0.040C-32-N PER MIL-STD-1276, CUT 3"",-""",,
35397E,8,3,"WIRE, TC (#16AWG)",,16,EA,"LW-0.050C-32-N PER MIL-STD-1276, CUT 1"",-""",,
35398,10,3,PINS/TERMINALS (#20AWG),,16,EA,"LW0.032C-32-N PER MIL-STD-1276, CUT 1"",-""",,
35406-1,11,3,BANDING STRAP,,1,A/R,".015 x 3/8"""," COLD ROLLED STEEL""",-
35423-1,8,2,"WIRE, TC (#20 AWG)",,14,EA,"LW-0.032C-32-N PER MIL-STD-1276, CUT 1"",-""",,
35423-2,8,2,"WIRE, TC (#20 AWG)",,14,EA,"LW-0.032C-32-N PER MIL-STD-1276, CUT 1"",-""",,
35423-3,8,3,"WIRE, TC (#20 AWG)",,14,EA,"LW0.032C-32-N PER MIL-STD-1276, CUT 1"",-""",,
35423-4,9,2,"WIRE, TC (#20 AWG)",,14,EA,"LW-0.032C-32-N PER MIL-STD-1276, CUT 1"",-""",,
35431B,6,2,"WIRE, TC (#16AWG)",,16,EA,"LW0.050C-32-N PER MIL-STD-1276, CUT 1"",-""",,
35431B,9,2,POLYAMIDE FILM TAPE,,1,A/R,"PERMACEL P-224, 1/4"",-""",99742,
35431E,6,3,"WIRE, TC (#16 AWG)",,16,EA,"LW0.050C-32-N PER MIL-STD-1276, CUT 1"",-""",,
35431E,9,3,FILM TAPE,,1,A/R,"KAPTON #1205, 1/4"",-""",75037,
35431S,6,2,"WIRE, TC (#16AWG)",,16,EA,"LW0.050C-32-N PER MIL-STD-1276, CUT 1"",-""",,
35431S,9,2,POLYAMIDE FILM TAPE,,1,A/R,"PERMACEL P-224, 1/4"",-""",99742,
35433E,6,3,"WIRE, TC (#20 AWG)",,8,EA,"LW0.032C-32-N PER MIL-STD-1276, CUT 1"",-""",,
35433E,9,3,FILM TAPE,,1,A/R,"KAPTON #1205, 1/4"",-""",75037,
35436B,6,3,"WIRE, TC (#28 AWG)",,4,EA,"LW0.012C-32-N PER MIL-STD-1276, CUT 2"",-""",,
35441E,6,3,"WIRE, TC (#16 AWG)",,16,EA,"LW0.050C-32-N PER MIL-STD-1276, CUT 1"",-""",,
35441S,6,3,"WIRE, TC (#16 AWG)",,16,EA,"LW0.050C-32-N PER MIL-STD-1276, CUT 1"",-""",,
35443E,6,3,"WIRE, TC (#20 AWG)",,4,EA,"LW0.032C-32-N PER MIL-STD-1276, CUT 1.5"",-""",,
35446S,6,3,"WIRE, TC (#24 AWG)",,8,EA,"LW0.020C-32-N PER MIL-STD-1276, CUT .6"",-""",,
35446S,11,3,POTTING CASE,,1,EA,1-0259 (Mod: HT=.250," 8 Holes)""",NC
35451E,8,2,"WIRE, TC (#16AWG)",,12,EA,"LW-0.050C-32-N PER MIL-STD-1276, CUT 1"",-""",,
35453E,7,2,"WIRE, TC (#16AWG)",,16,EA,"LW-0.050C-32-N PER MIL-STD-1276, CUT 1"",-""",,
35453S,7,2,"WIRE, TC (#16AWG)",,16,EA,"LW-0.050C-32-N PER MIL-STD-1276, CUT 1"",-""",,
35455E,7,2,"WIRE, TC (#16AWG)",,12,EA,"LW-0.050C-32-N PER MIL-STD-1276, CUT 1"",-""",,
35455E,8,2,KAPTON FILM TAPE,,1,A/R,"#1205, 1/4"",-""",99742,
35455S,7,2,"WIRE, TC (#16AWG)",,12,EA,"LW-0.050C-32-N PER MIL-STD-1276, CUT 1"",-""",,
35455S,8,2,KAPTON FILM TAPE,,1,A/R,"#1205, 1/4"",-""",99742,
35470-3,4,2,POT CORE,,1,SET,"P22/13-3F3 GAP TO 0.030"",-""",F0002,
35470-3,8,2,"WIRE, TC (#20 AWG)",,14,EA,"LW-0.032C-32-N PER MIL-STD-1276, CUT 1"",-""",,
35471-3,8,2,"WIRE, TC (#20 AWG)",,14,EA,"LW-0.032C-32-N PER MIL-STD-1276, CUT 1"",-""",,
35472-3,7,2,"WIRE, TC (#20 AWG)",,14,EA,"LW-0.032C-32-N PER MIL-STD-1276, CUT 1"",-""",,
35473-1,10,2,BANDING STRAP,,1,A/R,".006 x 3/8"" PHOSPHOROUS BRONZE"," GRADE A""",-
35473-1,11,2,BANDING SEAL,,1,EA,"3/8 x 3/8"" TIN COAT"," COLD ROLLED STEAL""",-
35473-1,17,2,NOMEX TAPE,,1,A/R,0.002 THK," TYPE 410""",-
35473-1,20,2,3M TAPE SUPER 10,,1,A/R,"EPOXY FILM, THERMOSET 155C, 3/8"",-""",75037,
35473-1,21,2,HEAT SHRINK TUBING,,2,EA,KYNAR CLEAR 0.125ID," 0.010""THK"," CUT 1"""""
35483,7,2,"WIRE, PINS (#20 AWG)",,10,EA,"LW-0.032C-32-N PER MIL-STD-1276, CUT 1"",-""",,
35493E,6,2,"WIRE, TC (#22 AWG)",,4,EA,"LW0.025C-32-N PER MIL-STD-1276, CUT 2"",-""",,
35493S,6,2,"WIRE, TC (#22 AWG)",,4,EA,"LW0.025C-32-N PER MIL-STD-1276, CUT 2"",-""",,
35499,10,2,"PINS, TC (#24AWG)",,8,EA,"LW-0.020C-32-N PER MIL-STD-1276, CUT 1"",-""",,
35499,14,2,"CASE, POTTING",,1,EA,1-0259 (Mod: HT=.250," 8 Holes)""",-
35500,8,2,"WIRE, INSULATED LEAD",,1,A/R,"M22759/33-28-9 PER MIL-W-22759, CUT 4"",-""",,
35500,11,2,"PINS, TC (#20AWG)",,8,EA,"LW0.032C-32-N PER MIL-STD-1276D, CUT 2"",-""",,
35501,11,2,"PINS, TC (#24AWG)",,12,EA,"LW-0.020C-32-N PER MIL-STD-1276, CUT 3"",-""",,
35502,9,2,"PINS, TC (#20AWG)",,8,EA,"LW-0.032C-32-N PER MIL-STD-1276, CUT 3"",-""",,
35503,11,2,"PINS, TC (#24AWG)",,12,EA,"LW-0.020C-32-N PER MIL-STD-1276, CUT 3"",-""",,
35505,7,2,"PINS, TC (#18AWG)",,2,EA,"LW-0.040C-32-N PER MIL-STD-1276, CUT 2"",-""",,
35505,8,2,INSERT,,1,EA,"CB632-8, Thin Wall (3/16 OD)"," D=0.030""",NC
35506,7,2,"PINS, TC (#18AWG)",,2,EA,"LW-0.040C-32-N PER MIL-STD-1276, CUT 2"",-""",,
35506,8,2,INSERT,,1,EA,"CB632-8, Thin Wall (3/16 OD)"," D=0.030""",NC
35507,9,2,"TERMINALS, TC (#20AWG)",,4,EA,"LW-0.032C-32-N PER MIL-STD-1276, CUT 3"",-""",,
35508,7,2,"PINS, TC (#20AWG)",,2,EA,"LW-0.032C-32-N PER MIL-STD-1276, CUT 3"",-""",,
35512-3,19,2,HEATSHRINK TUBING,,1,EA,SUMITUBE A2 1/2 CLEAR," 12""LENGTH""",-
35519,7,2,"PINS, TC (#16AWG)",,2,EA,"LW-0.050C-32-N PER MIL-STD-1276, CUT 3"",-""",,
35520,6,3,LEAD WIRE,,1,EA,"M22759/43-14-9 PER MIL-W-22759, CUT 10"",-""",,
35520,7,3,LEAD WIRE,,1,EA,"M22759/43-14-0 PER MIL-W-22759, CUT 10"",-""",,
35520,8,3,LEAD WIRE,,1,EA,"M22759/43-14-4 PER MIL-W-22759, CUT 10"",-""",,
35520,9,3,LEAD WIRE,,1,EA,"M22759/43-14-6 PER MIL-W-22759, CUT 10"",-""",,
35524,10,2,"WIRE, PINS (#20 AWG)",,10,EA,"LW-0.032N-32-N PER MIL-STD-1276, CUT 1"",-""",,
35530-2,7,2,"WIRE, TC (#22AWG)",,10,EA,"LW-0.025C-32-N PER MIL-STD-1276, CUT 1"",-""",,
35533-3,9,2,GLASS TAPE,,1,A/R,"#79 3M, 1/4"",-""",75037,
35537E,8,2,"WIRE, TC (#18AWG)",,16,EA,"LW-0.040C-32-N PER MIL-STD-1276, CUT 1"",-""",,
35537E,17,2,HEATSHRINK TUBING,,1,EA,"M23053/8-005-C, 3/16"," 0.5""LENGTH""",-
35537S,8,2,"WIRE, TC (#18AWG)",,16,EA,"LW-0.040C-32-N PER MIL-STD-1276, CUT 1"",-""",,
35537S,17,2,HEATSHRINK TUBING,,1,EA,"M23053/8-005-C, 3/16"," 0.5""LENGTH""",-
35547-3,9,2,"WIRE, TC (#22AWG)",,6,EA,"LW-0.025C-32-N PER MIL-STD-1276, CUT 1"",-""",,
35547-4,9,2,"WIRE, TC (#22AWG)",,6,EA,"LW-0.025C-32-N PER MIL-STD-1276, CUT 1"",-""",,
35549E,7,2,"WIRE, TC (#16AWG)",,12,EA,"LW-0.050C-32-N PER MIL-STD-1276, CUT 1"",-""",,
35550B,7,2,"WIRE, TC (#16AWG)",,12,EA,"LW-0.050C-32-N PER MIL-STD-1276, CUT 1"",-""",,
35550E,7,2,"WIRE, TC (#16AWG)",,12,EA,"LW-0.050C-32-N PER MIL-STD-1276, CUT 1"",-""",,
35550S,7,2,"WIRE, TC (#16AWG)",,12,EA,"LW-0.050C-32-N PER MIL-STD-1276, CUT 1"",-""",,
35556-1,9,2,"WIRE, TC (#20AWG)",,14,EA,"LW-0.032C-32-N PER MIL-STD-1276, CUT 1"",-""",,
35556-3,9,2,"WIRE, TC (#20AWG)",,14,EA,"LW-0.032C-32-N PER MIL-STD-1276, CUT 1"",-""",,
35557-2,7,2,INSERT,,1,EA,"CB632-6, 3/16OD"," D=0.030""""",-
35558-2,9,2,PINS (TC#22AWG),,7,EA,"LW-0.025C-32-N PER MIL-STD-1276, CUT 2"",-""",,
35570-4,9,2,"WIRE, TC (#20AWG)",,14,EA,"LW-0.032C-32-N PER MIL-STD-1276, CUT 1"",-""",,
35574-3,8,2,"WIRE, TC (#20AWG)",,14,EA,"LW-0.032C-32-N PER MIL-STD-1276, CUT 1"",-""",,
35574-4,8,2,"WIRE, TC (#20AWG)",,14,EA,"LW-0.032C-32-N PER MIL-STD-1276, CUT 1"",-""",,
35580,6,2,"WIRE, TC (#20 AWG)",,8,EA,"LW0.032C-32-N PER MIL-STD-1276, CUT 1"",-""",,
35580,9,2,POLYAMIDE FILM TAPE,,1,A/R,"KAPTON #1205, 1/4"",-""",75037,
35582,6,3,"WIRE, TC (#16 AWG)",,16,EA,"LW0.050C-32-N PER MIL-STD-1276, CUT 1"",-""",,
35582B,6,3,"WIRE, TC (#16 AWG)",,16,EA,"LW0.050C-32-N PER MIL-STD-1276, CUT 1"",-""",,
35582E,6,3,"WIRE, TC (#16 AWG)",,16,EA,"LW0.050C-32-N PER MIL-STD-1276, CUT 1"",-""",,
35582S,6,2,"WIRE, TC (#16 AWG)",,16,EA,"LW0.050C-32-N PER MIL-STD-1276, CUT 1"",-""",,
35583-3,8,2,"WIRE, TC (#24AWG)",,6,EA,"LW-0.020C-32-N PER MIL-STD-1276, CUT 1"",-""",,
35592B,10,2,SCREW,,1,EA,"#2-56, 1/4LG"," STAINLESS STEEL""",-
35592E,10,2,SCREW,,1,EA,"#2-56, 1/4LG"," STAINLESS STEEL""",-
35592S,10,2,SCREW,,1,EA,"#2-56, 1/4LG"," STAINLESS STEEL""",-
35592STS,10,2,SCREW,,1,EA,"#2-56, 1/4LG"," STAINLESS STEEL""",-
35595-3,8,2,"WIRE, TC (#24AWG)",,6,EA,"LW-0.020C-32-N PER MIL-STD-1276, CUT 1"",-""",,
35596-3,8,2,"WIRE, TC (#22AWG)",,6,EA,"LW-0.025C-32-N PER MIL-STD-1276, CUT 1"",-""",,
35597-1,8,2,"WIRE, TC (#24AWG)",,8,EA,"LW-0.020C-32-N PER MIL-STD-1276, CUT 1"",-""",,
35597-3,8,2,"WIRE, TC (#24AWG)",,8,EA,"LW-0.020C-32-N PER MIL-STD-1276, CUT 1"",-""",,
35602B,6,2,"WIRE, TC (#20 AWG)",,8,EA,"LW0.032C-32-N PER MIL-STD-1276, CUT 1"",-""",,
35602B,9,2,POLYAMIDE FILM TAPE,,1,A/R,"KAPTON #1205, 1/4"",-""",75037,
35602E,6,2,"WIRE, TC (#20 AWG)",,8,EA,"LW0.032C-32-N PER MIL-STD-1276, CUT 1"",-""",,
35602E,9,2,POLYAMIDE FILM TAPE,,1,A/R,"KAPTON #1205, 1/4"",-""",75037,
35602S,6,2,"WIRE, TC (#20 AWG)",,8,EA,"LW0.032C-32-N PER MIL-STD-1276, CUT 1"",-""",,
35602S,9,2,POLYAMIDE FILM TAPE,,1,A/R,"KAPTON #1205, 1/4"",-""",75037,
35633-2,7,2,INSERT,,1,EA,"CB632-6, 3/16OD"," D=0.030""""",-
35635-2,7,2,INSERT,,1,EA,"CB632-6, 3/16OD"," D=0.030""""",-
35635-3,7,2,INSERT,,1,EA,"CB632-6, 3/16OD"," D=0.030""""",-
35636-2,10,3,"WIRE, TC (#22AWG)",,14,EA,"LW-0.026C-32-N PER MIL-STD-1276, CUT .8"",-""",,
35637-2,10,2,"WIRE, TC (#20AWG)",,16,EA,"LW-0.032C-32-N PER MIL-STD-1276, CUT 1"",-""",,
35641B,9,2,SCREW 4-40,,1,EA,3/8LENGTH," 300 SERIES STAINLESS STEEL""",-
35655-3,8,2,"WIRE, TC (#20AWG)",,12,EA,"LW-0.032C-32-N PER MIL-STD-1276, CUT 1"",-""",,
35657,8,2,"WIRE, PINS (#20AWG)",,10,EA,"LW-0.032N-32-N PER MIL-STD-1276, CUT 1"",-""",,
35658,10,2,"WIRE, PINS (#20AWG)",,12,EA,"LW-0.032N-32-N PER MIL-STD-1276, CUT 1"",-""",,
35660,8,2,"WIRE, PINS (#20AWG)",,18,A/R,"LW-0.032N-32-N PER MIL-STD-1276, CUT 1"",-""",,
35665,14,3,DACRON,,1,A/R,"TRIMTEX WOVEN POLYESTER, 3/8"," 5 MIL THK""",-
35666,14,3,DACRON,,1,A/R,"TRIMTEX WOVEN POLYESTER, 3/8"," 5 MIL THK""",-
35669,11,2,"WIRE, PINS (#20AWG)",,12,EA,"LW-0.032N-32-N PER MIL-STD-1276, CUT 1"",-""",,
35670,9,2,"WIRE, PINS (#20AWG)",,10,EA,"LW-0.032N-32-N PER MIL-STD-1276, CUT 1"",-""",,
35689B,7,2,"WIRE, TC (#16AWG)",,12,EA,"LW-0.050C-32-N PER MIL-STD-1276, CUT 1"",-""",,
35689E,7,2,"WIRE, TC (#16AWG)",,12,EA,"LW-0.050C-32-N PER MIL-STD-1276, CUT 1"",-""",,
35693B,7,2,"WIRE, TC (#16 AWG)",,16,EA,"LW0.050C-32-N PER MIL-STD-1276, CUT 1"",-""",,
35693S,7,2,"WIRE, TC (#16 AWG)",,16,EA,"LW0.050C-32-N PER MIL-STD-1276, CUT 1"",-""",,
35706-1,6,2,"WIRE, TC (#18AWG)",,12,EA,"LW-0.040C-32-N PER MIL-STD-1276, CUT 1"",-""",,
35706-3,6,2,"WIRE, TC (#18AWG)",,12,EA,"LW-0.040C-32-N PER MIL-STD-1276, CUT 1"",-""",,
35706-4,6,2,"WIRE, TC (#18AWG)",,12,EA,"LW-0.040C-32-N PER MIL-STD-1276, CUT 1"",-""",,
35707-1,9,2,"WIRE, TC (#20AWG)",,10,EA,"LW-0.032C-32-N PER MIL-STD-1276, CUT 1"",-""",,
35707-3,9,2,"WIRE, TC (#20AWG)",,10,EA,"LW-0.032C-32-N PER MIL-STD-1276, CUT 1"",-""",,
35707-4,8,2,"WIRE, TC (#20AWG)",,10,EA,"LW-0.032C-32-N PER MIL-STD-1276, CUT 1"",-""",,
35708-1,10,2,"WIRE, TC (#22AWG)",,14,EA,"LW-0.026C-32-N PER MIL-STD-1276, CUT 1"",-""",,
35708-3,10,2,"WIRE, TC (#22AWG)",,14,EA,"LW-0.026C-32-N PER MIL-STD-1276, CUT 1"",-""",,
35709-1,8,2,"WIRE, TC (#20AWG)",,6,EA,"LW-0.032C-32-N PER MIL-STD-1276, CUT 1"",-""",,
35709-3,8,2,"WIRE, TC (#20AWG)",,6,EA,"LW-0.032C-32-N PER MIL-STD-1276, CUT 1"",-""",,
35710-1,8,2,"WIRE, TC (#20AWG)",,4,EA,"LW-0.032C-32-N PER MIL-STD-1276, CUT 1"",-""",,
35710-3,8,2,"WIRE, TC (#20AWG)",,4,EA,"LW-0.032C-32-N PER MIL-STD-1276, CUT 1"",-""",,
35716-1,11,2,"WIRE, TC (#20AWG)",,14,EA,"LW-0.032C-32-N PER MIL-STD-1276, CUT 1"",-""",,
35716-2,11,2,"WIRE, TC (#20AWG)",,14,EA,"LW-0.032C-32-N PER MIL-STD-1276, CUT 1"",-""",,
35716-3,11,2,"WIRE, TC (#20AWG)",,14,EA,"LW-0.032C-32-N PER MIL-STD-1276, CUT 1"",-""",,
35718B,9,2,SCREW 4-40,,1,EA,3/8LENGTH," 300 SERIES STAINLESS STEEL""",-
35718E,9,2,SCREW 4-40,,1,EA,3/8LENGTH," 300 SERIES STAINLESS STEEL""",-
35735-1,8,2,"WIRE, TC (#20AWG)",,12,EA,"LW-0.032C-32-N PER MIL-STD-1276, CUT 1"",-""",,
35735-3,8,2,"WIRE, TC (#20AWG)",,12,EA,"LW-0.032C-32-N PER MIL-STD-1276, CUT 1"",-""",,
35739-2,7,2,"WIRE, TC (#24AWG)",,8,EA,"LW-0.020C-32-N PER MIL-STD-1276, CUT 1"",-""",,
35739-3,7,2,"WIRE, TC (#24AWG)",,8,EA,"LW-0.020C-32-N PER MIL-STD-1276, CUT 1"",-""",,
35740-3,11,2,"WIRE, TC (#20AWG)",,14,EA,"LW-0.032C-32-N PER MIL-STD-1276, CUT 1"",-""",,
35759,5,2,COPPER LEAD WIRE,,2,EA,"#24 AWG PER MIL-STD-1276, TYPE C. CUT 2"",-""",,
35762-6,8,2,"WIRE, TC (#20AWG)",,11,EA,"LW-0.032C-32-N PER MIL-STD-1276, CUT 2"",-""",,
35763-2,9,2,"WIRE, TC (#20AWG)",,14,EA,"LW-0.032C-32-N PER MIL-STD-1276, CUT 1"",-""",,
35783,11,2,"WIRE, PINS (#20AWG)",,12,EA,"LW-0.032N-32-N PER MIL-STD-1276, CUT 1"",-""",,
35785-3,4,2,POT CORE,,1,SET,"P22/13-3F3, AIR GAP 0.035"",-""",F0002,
35785-3,11,2,"WIRE, TC (#20AWG)",,14,EA,"LW-0.032C-32-N PER MIL-STD-1276, CUT 1"",-""",,
35785-5,4,2,POT CORE,,1,SET,"P22/13-3F3, AIR GAP 0.035"",-""",F0002,
35785-5,11,2,"WIRE, TC (#20AWG)",,14,EA,"LW-0.032C-32-N PER MIL-STD-1276, CUT 1"",-""",,
35786-3,7,2,"WIRE, TC (#24AWG)",,8,EA,"LW-0.020C-32-N PER MIL-STD-1276, CUT 1"",-""",,
35786-5,7,2,"WIRE, TC (#24AWG)",,8,EA,"LW-0.020C-32-N PER MIL-STD-1276, CUT 1"",-""",,
35825B,6,2,"WIRE, TC (#16AWG)",,16,EA,"LW-0.050C-32-N PER MIL-STD-1276, CUT 1"",-""",,
35825E,6,2,"WIRE, TC (#16 AWG)",,16,EA,"LW-0.050C-32-N PER MIL-STD-1276, CUT 1"",-""",,
35825S,6,2,"WIRE, TC (#16AWG)",,16,EA,"LW-0.050C-32-N PER MIL-STD-1276, CUT 1"",-""",,
35834-3,8,2,"WIRE, TC (#20AWG)",,8,EA,"LW-0.032C-32-N PER MIL-STD-1276 CUT 1.5"",-""",,
35837B,6,2,"WIRE, TC (#16AWG)",,16,EA,"LW-0.050C-32-N PER MIL-STD-1276, CUT 1"",-""",,
35837E,6,2,"WIRE, TC (#16AWG)",,16,EA,"LW-0.050C-32-N PER MIL-STD-1276, CUT 1"",-""",,
35837S,6,2,"WIRE, TC (#16AWG)",,16,EA,"LW-0.050C-32-N PER MIL-STD-1276, CUT 1"",-""",,
35839-1,8,2,"WIRE, TC (#20AWG)",,10,EA,"LW-0.032C-32-N PER MIL-STD-1276, CUT 1"",-""",,
35839-3,8,2,"WIRE, TC (#20AWG)",,10,EA,"LW-0.032C-32-N PER MIL-STD-1276, CUT 1"",-""",,
3713,3,3,LAMINATION,,0,LB,"EI-187, .006"," HI NICKEL""",-
40264,7,3,STUD,,4,EA,8-32 x 1/2 L.," CRES PAN HEAD PHILLIP""",-
41605-11,10,2,TAPE,,3,IN,"PERMACEL P-224, 3/8"",-""",99742,
42122,3,3,CORE,,1,EA,"A-41407-TC, Mod HT to .156"",-""",D0008,
42144,19,4,GAP,,1,EA,"4.5 x 1.55"" x 0.075"" THK (G10 MATERIAL)""",-,A0002
42144,22,4,BRAIDED WIRE,,4,EA,"NE-24-5-30T, CUT 3"",-""",C0001,
42161,3,3,CRL Style,,1,EA,"SW=.500,OD=1.50,ID=.750,GAP=.045","COATED""",-
42264,5,3,LEAD,,2,EA,"#20 AWG, PHOSPHOR BRONZE, TIN PLATED, 3"",-""",,
42712,16,4,"BRAIDED WIRE, CUT 8 LG""",,4,EA,"24 x 15 x 30, 5/8 WIDE"," T.C. FLAT BRAID""",-
42903,9,3,"ROD, THREADED, 5"",017D""",2,,IAW PARA 3.2.6 / FIG 6,,,
42903,10,3,"ROD, THREADED, 4.38"",017D""",2,,IAW PARA 3.2.6 / FIG 6,,,
42903,11,3,"ROD, THREADED, 4"",017D""",2,,IAW PARA 3.2.6 / FIG 6,,,
42948,4,3,COIL FORM,006A,3,EA,"0.54 ID x 2.04"" ID x 2.10"" LG; .030"" EG""",-,
42948,7,3,TERMINAL SCREW,,3,EA,1/4-20 THD x 1.25 L.," BRASS & NICKEL PL""",
43009,3,2,CORE,,1,EA,"OD=.450, ID=.375, SW=.125-.150"",-""",91881,
43051,8,3,"LEAD WIRES, CUT TO 8"","",1.0000,EA""","#26 PER MIL-W-16878, TYPE E, STRANDED",,,,,
43221,5,3,"LEAD WIRE, CUT TO 14"",003E""",1,,"#20 AWG, PER MIL-W-16878, TYPE E",-,,
43263,9,3,LEAD,,1,A/R,"1/4 TINNED COPPER UBULAR BRAID. CUT 16"",-""",,
43624,3,3,TAPE WOUND CORE,,1,EA,OD = 5.75," ID = 4.25"""," HT = 2.50"""""
43934,5,3,LEAD WIRE,,2,EA,"RCB1030-1  CUT TO 8"",-""",82878,
44082,4,3,COIL FORM,006A,3,EA,"0.28 ID x 0.65"" ID x 0.96"" LG; .025"" EG""",-,
44126,3,3,CRH Style,,1,EA,"OD=0.900, ID=0.500, SW=0.625, GAP=.016"",-""",,
52000,17,4,"PINS, TERMINAL",004F,7,EA,"LW0.025C-32-N PER MIL-STD-1276D, CUT 3"",-""",W0002,
52007,9,3,"WIRE, TC (#24AWG)",,2,EA,"LW0.020C-32-N PER MIL-STD-1276, CUT 1"",-""",,
52007,11,3,"WIRE, TC (#24AWG)",,6,EA,"LW0.020C-32-N PER MIL-STD-1276, CUT 4"",-""",,
52009,31,2,"TUBE, INSULATOR",,1,EA,"8-32 GLASSTORK CUT .400"",-""",20254,
52028,9,1,"PIN, TERMINAL",,3,EA,"LWO.032C-32-N PER MIL-STD-1276D, CUT 4"",-""",,
52029,11,3,"PIN, TERMINAL",004F,12,EA,"LWO.032C-32-N PER MIL-STD-1276D, CUT 4"",-""",,
52030,4,3,CORE,,1,EA,"CRH-STYLE (4 MIL SILICON), GAP=0.050"",-""",M0099,
52046,20,4,"PINS, TERMINAL",,2,EA,"LW0.032C-32-N PER MIL-STD-1276D, CUT 3"",-""",W0002,
52047,20,4,"PINS, TERMINAL",,2,EA,"LW0.032C-32-N PER MIL-STD-1276D, CUT 3"",-""",W0002,
52048,20,4,"PINS, TERMINAL",,2,EA,"LW0.032C-32-N PER MIL-STD-1276D, CUT 3"",-""",W0002,
52049,20,4,"PINS, TERMINAL",,2,EA,"LW0.032C-32-N PER MIL-STD-1276D, CUT 3"",-""",W0002,
52050,20,4,"INSERT, 4-40, LOCKING",,1,EA,"CBL440-8 0.062"",-""",21698,
52051,20,4,"PINS, TERMINAL",,2,EA,"LW0.032C-32-N PER MIL-STD-1276D, CUT 3"",-""",W0002,
52052,20,4,"PINS, TERMINAL",,2,EA,"LW0.032C-32-N PER MIL-STD-1276D, CUT 3"",-""",W0002,
52054,20,4,"PINS, TERMINAL",,13,EA,"LW0.025C-32-N PER MIL-STD-1276D, CUT 3"",-""",W0002,
52055,20,4,"PINS, TERMINAL",,15,EA,"LW0.025C-32-N PER MIL-STD-1276D, CUT 3"",-""",W0002,
52056,20,4,"PINS, TERMINAL",,9,EA,"LW0.025C-32-N PER MIL-STD-1276D, CUT 3"",-""",W0002,
52057,21,4,"PINS, TERMINAL",,9,EA,"LW0.025C-32-N PER MIL-STD-1276D, CUT 3"",-""",W0002,
52058,21,4,"PINS, TERMINAL",,4,EA,"LW0.025C-32-N PER MIL-STD-1276D, CUT 3"",-""",W0002,
52059,20,4,"PINS, TERMINAL",,6,EA,"LW0.020C-32-N PER MIL-STD-1276D, CUT 3"",-""",W0002,
52062,20,4,"PINS, TERMINAL",,24,EA,"LW0.020C-32-N PER MIL-STD-1276D, CUT 3"",-""",W0002,
52063,20,4,"INSERT, 4-40, LOCKING",,1,EA,"CBL440-8 0.062"",-""",21698,
52069,20,4,"PINS, TERMINAL",,2,EA,"LW0.040C-32-N PER MIL-STD-1276D, CUT 3"",-""",W0002,
52069-2,20,4,"PINS, TERMINAL",,2,EA,"LW0.040C-32-N PER MIL-STD-1276D, CUT 3"",-""",W0002,
52070,20,4,"PINS, TERMINAL",,2,EA,"LW0.040C-32-N PER MIL-STD-1276D, CUT 3"",-""",W0002,
52070-2,20,4,"PINS, TERMINAL",,2,EA,"LW0.040C-32-N PER MIL-STD-1276D, CUT 3"",-""",W0002,
52071,20,4,"PINS, TERMINAL",,2,EA,"LW0.040C-32-N PER MIL-STD-1276D, CUT 3"",-""",W0002,
52071-2,20,4,"PINS, TERMINAL",,2,EA,"LW0.040C-32-N PER MIL-STD-1276D, CUT 3"",-""",W0002,
52072,20,4,"PINS, TERMINAL",,2,EA,"LW0.040C-32-N PER MIL-STD-1276D, CUT 3"",-""",W0002,
52072-2,20,4,"PINS, TERMINAL",,2,EA,"LW0.040C-32-N PER MIL-STD-1276D, CUT 3"",-""",W0002,
52073,20,4,"PINS, TERMINAL",,2,EA,"LW0.040C-32-N PER MIL-STD-1276D, CUT 3"",-""",W0002,
52073-2,20,4,"PINS, TERMINAL",,2,EA,"LW0.040C-32-N PER MIL-STD-1276D, CUT 3"",-""",W0002,
52074,20,4,"PINS, TERMINAL",,7,EA,"LW0.032C-32-N PER MIL-STD-1276D, CUT 3"",-""",W0002,
52074-2,20,4,"PINS, TERMINAL",,7,EA,"LW0.032C-32-N PER MIL-STD-1276D, CUT 3"",-""",W0002,
52075,20,4,"PINS, TERMINAL",,6,EA,"LW0.032C-32-N PER MIL-STD-1276D, CUT 3"",-""",W0002,
52075-2,20,4,"PINS, TERMINAL",,6,EA,"LW0.032C-32-N PER MIL-STD-1276D, CUT 3"",-""",W0002,
52076,20,4,"PINS, TERMINAL",,9,EA,"LW0.040C-32-N PER MIL-STD-1276D, CUT 3"",-""",W0002,
52077,20,4,"PINS, TERMINAL",,9,EA,"LW0.040C-32-N PER MIL-STD-1276D, CUT 3"",-""",W0002,
52077-2,20,4,"PINS, TERMINAL",,9,EA,"LW0.040C-32-N PER MIL-STD-1276D, CUT 3"",-""",W0002,
52078,20,4,"PINS, TERMINAL",,6,EA,"LW0.032C-32-N PER MIL-STD-1276D, CUT 3"",-""",W0002,
52078-2,20,4,"PINS, TERMINAL",,6,EA,"LW0.032C-32-N PER MIL-STD-1276D, CUT 3"",-""",W0002,
52080,20,4,"PINS, TERMINAL",,15,EA,"LW0.025C-32-N PER MIL-STD-1276D, CUT 3"",-""",W0002,
52081,24,3,"CASE, POTTING",,1,EA,"1-0259,Mod:HT=.250","8 Holes per 52081-51""",-
52084,20,4,"PINS, TERMINAL",,4,EA,"LW0.025C-32-N PER MIL-STD-1276D, CUT 3"",-""",W0002,
52085,20,4,"PINS, TERMINAL",,4,EA,"LW0.025C-32-N PER MIL-STD-1276D, CUT 3"",-""",W0002,
52086,20,4,"PINS, TERMINAL",,4,EA,"LW0.025C-32-N PER MIL-STD-1276D, CUT 3"",-""",W0002,
52087,20,4,"PINS, TERMINAL",,10,EA,"LW0.032C-32-N PER MIL-STD-1276D, CUT 3"",-""",W0002,
52088,13,4,"WIRE, INSULATED LEAD",003Q,1,A/R,"M22759/33-30-9 PER MIL-W-22759, CUT 4"","",""",,
52088,20,4,"PINS, TERMINAL",,11,EA,"LW0.025C-32-N PER MIL-STD-1276D, CUT 3"",-""",W0002,
52090,20,4,"PINS, TERMINAL",,11,EA,"LW0.050C-32-N PER MIL-STD-1276D, CUT 3"",-""",W0002,
52091,20,4,"PINS, TERMINAL",,3,EA,"LW0.032C-32-N PER MIL-STD-1276D, CUT 3"",-""",W0002,
52091,21,4,"PINS, TERMINAL",,4,EA,"LW0.040C-32-N PER MIL-STD-1276D, CUT 3"",-""",W0002,
52092,20,4,"PINS, TERMINAL",,8,EA,"LW0.050C-32-N PER MIL-STD-1276D, CUT 3"",-""",W0002,
52093,20,4,"PINS, TERMINAL",,4,EA,"LW0.050C-32-N PER MIL-STD-1276D, CUT 3"",-""",W0002,
52094,20,4,"PINS, TERMINAL",,6,EA,"LW0.040C-32-N PER MIL-STD-1276D, CUT 3"",-""",W0002,
52095,20,4,"PINS, TERMINAL",,4,EA,"LW0.040C-32-N PER MIL-STD-1276D, CUT 3"",-""",W0002,
52096,20,4,"PINS, TERMINAL",,12,EA,"LW0.040C-32-N PER MIL-STD-1276D, CUT 3"",-""",W0002,
52097,14,4,"WIRE, INSULATED LEAD",003Q,1,A/R,"M22759/33-26-9 PER MIL-W-22759, CUT 6"",-""",,
52097,20,4,"PINS, TERMINAL",,13,EA,"LW0.040C-32-N PER MIL-STD-1276D, CUT 3"",-""",,
52098,20,4,"PINS, TERMINAL",,10,EA,"LW0.032C-32-N PER MIL-STD-1276D, CUT 3"",-""",W0002,
52100,20,4,"PINS, TERMINAL",,7,EA,"LW0.032C-32-N PER MIL-STD-1276D, CUT 3"",-""",W0002,
52101,20,4,"PINS, TERMINAL",,6,EA,"LW0.025C-32-N PER MIL-STD-1276D, CUT 3"",-""",W0002,
52102,11,4,"PINS, TERMINAL",,10,EA,"LW0.032C-32-N PER MIL-STD-1276D, CUT 3"",-""",W0002,
52103,9,4,"PINS, TERMINAL",,21,EA,"LW0.040C-32-N PER MIL-STD-1276D, CUT 3"",-""",W0002,
52104,20,4,"PINS, TERMINAL",,10,EA,"LW0.032C-32-N PER MIL-STD-1276D, CUT 3"",-""",W0002,
52105,20,4,"PINS, TERMINAL",,6,EA,"LW0.032C-32-N PER MIL-STD-1276D, CUT 3"",-""",W0002,
52106,20,4,"PINS, TERMINAL",,2,EA,"LW0.032C-32-N PER MIL-STD-1276D, CUT 3"",-""",W0002,
52109,24,3,"CASE, POTTING",,1,EA,"1-0259,Mod:HT=.250","8 Holes per 52081-51""",-
52110,9,3,"PINS, TERMINAL",,8,EA,"LW0.032C-32-N PER MIL-STD-1276D, CUT 3"",-""",W0002,
52110,10,3,"PINS, TERMINAL",,8,EA,"LW0.040C-32-N PER MIL-STD-1276D, CUT 3"",-""",W0002,
52111,8,4,"PINS, TERMINAL",,2,EA,"LW0.032C-32-N PER MIL-STD-1276D, CUT 3"",-""",W0002,
52112,18,4,"PINS, TERMINAL",,4,EA,"LW0.050C-32-N PER MIL-STD-1276D, CUT 3"",-""",W0002,
52112,20,4,"PINS, TERMINAL",,2,EA,"LW0.032C-32-N PER MIL-STD-1276D, CUT 3"",-""",W0002,
52113,20,4,"PINS, TERMINAL",,16,EA,"LW0.040C-32-N PER MIL-STD-1276D, CUT 3"",-""",W0002,
52114,20,4,"PINS, TERMINAL",,2,EA,"LW0.032C-32-N PER MIL-STD-1276D, CUT 3"",-""",W0002,
52115,8,4,"WIRE, INSULATED LEAD",003Q,1,A/R,"M22759/33-28-9 PER MIL-W-22759, CUT 4"",-""",,
52115,11,4,"PINS, TERMINAL",,8,EA,"LW0.032C-32-N PER MIL-STD-1276D, CUT 3"",-""",W0002,
52116,12,4,"WIRE, INSULATED LEAD",003Q,1,A/R,"M22759/33-30-9 PER MIL-W-22759, CUT 4"",-""",,
52116,20,4,"PINS, TERMINAL",,8,EA,"LW0.032C-32-N PER MIL-STD-1276D, CUT 3"",-""",W0002,
52117,20,4,"PINS, TERMINAL",,5,EA,"LW0.040C-32-N PER MIL-STD-1276D, CUT 3"",-""",W0002,
52118,20,4,"PINS, TERMINAL",,5,EA,"LW0.040C-32-N PER MIL-STD-1276D, CUT 3"",-""",W0002,
52119,20,4,"PINS, TERMINAL",,8,EA,"LW0.040C-32-N PER MIL-STD-1276D, CUT 3"",-""",W0002,
52120,20,4,"PINS, TERMINAL",,2,EA,"LW0.040C-32-N PER MIL-STD-1276D, CUT 3"",-""",W0002,
52121,8,3,"PINS, TERMINAL",,2,EA,"LW0.040C-32-N PER MIL-STD-1276D, CUT 3"",-""",W0002,
52122,9,3,"PINS, TERMINAL",,8,EA,"LW0.040C-32-N PER MIL-STD-1276D, CUT 3"",-""",W0002,
52123,20,4,"PINS, TERMINAL",,8,EA,"LW0.032C-32-N PER MIL-STD-1276D, CUT 3"",-""",W0002,
52124,8,4,"PINS, TERMINAL",,7,EA,"LW0.032C-32-N PER MIL-STD-1276D, CUT 3"",-""",W0002,
52125,20,4,"PINS, TERMINAL",,18,EA,"LW0.032C-32-N PER MIL-STD-1276D, CUT 3"",-""",W0002,
52126,9,4,"PINS, TERMINAL",,10,EA,"LW0.032C-32-N PER MIL-STD-1276D, CUT 3"",-""",W0002,
52127,20,4,"PINS, TERMINAL",,8,EA,"LW0.032C-32-N PER MIL-STD-1276D, CUT 3"",-""",W0002,
52128,19,4,"PINS, TERMINAL",,2,EA,"LW0.050C-32-N PER MIL-STD-1276D, CUT 3"",-""",W0002,
52129,20,4,"PINS, TERMINAL",,12,EA,"LW0.032C-32-N PER MIL-STD-1276D, CUT 3"",-""",W0002,
52130,20,4,"PINS, TERMINAL",,4,EA,"LW0.032C-32-N PER MIL-STD-1276D, CUT 3"",-""",W0002,
52131,28,4,"PINS, TERMINAL",,4,EA,"LW0.040C-32-N PER MIL-STD-1276D, CUT 3"",-""",W0002,
52132,20,4,"PINS, TERMINAL",,4,EA,"LW0.040C-32-N PER MIL-STD-1276D, CUT 3"",-""",W0002,
52133,20,4,"PINS, TERMINAL",,4,EA,"LW0.032C-32-N PER MIL-STD-1276D, CUT 3"",-""",W0002,
52135,17,4,"PINS, TERMINAL",,2,EA,"LW0.040C-32-N PER MIL-STD-1276D, CUT 3"",-""",W0002,
52136,17,4,"PINS, TERMINAL",,2,EA,"LW0.040C-32-N PER MIL-STD-1276D, CUT 3"",-""",W0002,
52137,17,4,"PINS, TERMINAL",,2,EA,"LW0.032C-32-N PER MIL-STD-1276D, CUT 3"",-""",W0002,
52139,20,4,"PINS, TERMINAL",,2,EA,"LW0.032C-32-N PER MIL-STD-1276D, CUT 3"",-""",W0002,
52140,20,4,"PINS, TERMINAL",,4,EA,"LW0.050C-32-N PER MIL-STD-1276D, CUT 3"",-""",W0002,
52141,20,4,"PINS, TERMINAL",,2,EA,"LW0.032C-32-N PER MIL-STD-1276D, CUT 3"",-""",W0002,
52142,20,4,"PINS, TERMINAL",,2,EA,"LW0.032C-32-N PER MIL-STD-1276D, CUT 3"",-""",W0002,
52143,20,4,"PINS, TERMINAL",,2,EA,"LW0.040C-32-N PER MIL-STD-1276D, CUT 3"",-""",W0002,
52143,21,4,INSERT,,1,EA,"CB632-8, Thin Wall (3/16 OD)"," D=0.030""",NC
52144,19,4,"PINS, TERMINAL",,2,EA,"LW0.050C-32-N PER MIL-STD-1276D, CUT 3"",-""",W0002,
534,4,3,COIL CARRIER,,1,EA,1/32 G10 CLEAR," 3.50""x1.50""""",NC
65000,9,3,"LEAD, INSULATED",003Q,1,EA,"M22759/33-28-9 PER MIL-W-22759, CUT 3"",-""",,
65003,8,4,"WIRE, INSULATED LEAD",003E,1,EA,"#26 AWG TEFLON per MIL-W-16878, CUT 6"",-""",,
65018-2,8,4,"WIRE, INSULATED LEAD",003E,1,EA,"#28 AWG, TYPE E, PER MIL-W-16878, CUT 6"",-""",,
65018-2,9,4,"WIRE, INSULATED LEAD",003E,1,A/R,"#20 AWG, TYPE E, PER MIL-W-16878, CUT 6"",-""",,
65018-3,8,4,"WIRE, INSULATED LEAD",003E,1,EA,"#28 AWG, TYPE E, PER MIL-W-16878, CUT 6"",-""",,
65018-3,9,4,"WIRE, INSULATED LEAD",003E,1,A/R,"#26 AWG, TYPE E, PER MIL-W-16878, CUT 6"",-""",,
65019,6,4,"WIRE, INSULATED LEAD",003E,1,EA,"#28 AWG, TYPE E, PER MIL-16878, CUT 6"",-""",,
65019-1A,6,4,"WIRE, INSULATED LEAD",003E,1,EA,"#28 AWG, TYPE E, PER MIL-16878, CUT 6"",-""",,
65024-2A,6,4,"WIRE, INSULATED LEAD",003E,1,EA,"#28 AWG TEFLON per MIL-W-16878, CUT 6"",-""",,
6956-1,6,3,HORIZONTAL FRAME,019B,1,EA,"1/4 x 1/4 STYLE A"""," 0.125 HOLES""",-
7536,11,3,"SHRINK SLEEVING (1)""",,1,EA,1/4ID,"CLASS 1 PER""",/
80066,6,3,SCREW,,2,EA,6-32 x 5/8 BRASS," CAD PLATED TYPE I""",-
80109,6,3,LEADS,,6,EA,"#20 AWG NICKEL, TIN-LEAD PLATED, CUT 2"",-""",,
80138,10,3,SCREW,,4,EA,4-40x3/8 UNC-2B FILISTER HEAD," S.S.""",-
80155-2,8,3,COENETIC SHIELDING,,1,EA,.004 thk.," 1"" x 6""""",
80292,3,3,CORE,,1,EA,OD=1.875," ID=1.000"""," HT=.500"""
80295,3,3,CORE,,1,EA,OD=1.875," ID=1.000"""," HT=.500"""
80809,9,1,SCREW,,2,EA,8-32 x 1 3/8 PHIL PAN HD STL," CAD OR ZN""",
80821,15,3,CABLE TIES,,12,EA,Size: 8.5," Bundle Dia: 1/16"" - 2""""",-
80839,7,3,INSERT,,1,EA,"CB440-8 x 5/32"",-""",21698,
80839,8,3,"WIRE, TC (#24AWG)",,4,EA,"LW0.020C-32-N PER MIL-STD-1276D, CUT 3"",-""",,
80840,7,3,INSERT,,1,EA,"CB440-8 x 5/32"",-""",21698,
80840,8,3,"WIRE, TC (#24AWG)",,4,EA,"LW0.020C-32-N PER MIL-STD-1276D, CUT 3"",-""",,
80841,7,3,INSERT,,1,EA,"CB440-8 x 5/32"",-""",21698,
80841,8,3,"WIRE, TC (#24AWG)",,4,EA,"LW0.020C-32-N PER MIL-STD-1276D, CUT 3"",-""",,
80853,20,4,"PINS, TERMINAL",,2,EA,"LW0.040C-32-N PER MIL-STD-1276D, CUT 3"",-""",W0002,
80853,21,4,INSERT,,1,EA,"CB632-8, 3/16 OD (Thin Wall)"," D=0.030""",NC
80874-2,3,3,CRH STYLE,,1,EA,OD = 0.85," ID = 0.55"""," SW = 0.250"""""
80874-7,3,3,CRH STYLE,,1,EA,OD = 0.85," ID = 0.55"""," SW = 0.250"""""
80874-8,3,3,CRH STYLE,,1,EA,OD = 0.85," ID = 0.55"""," SW = 0.250"""""
80875-4,3,3,CRH STYLE,,1,EA,OD = 1.06," ID = 0.58"""," SW = 0.375"""""
80875-5,3,3,CRH STYLE,,1,EA,OD = 1.06," ID = 0.58"""," SW = 0.375"""""
80876,3,3,CRH STYLE,,1,EA,OD = 0.65," ID = 0.40"""," SW = 0.187"""""
80876,6,3,LEAD,,2,EA,"#14 AWG SOLDER PLATED BRASS WIRE CUT 1"",-""",39428,
80877,20,4,LEAD,003Q,2,EA,"#18 AWG, per MIL-W-22759/11 or /22, 26"",-""",,
80880,5,3,TUBING,006A,1,EA,.125 ID," .020"" THK."," 1.00"" LG."
80885,9,3,BOLT,,4,EA,1/4-20 x 4.5 HEX HEAD TAP," GRADE 5""",-
80885,10,3,NUT,,4,EA,"1/4-20 HEX, 7/32 Thk."," ZINC PLATED""",-
80885,11,3,"WASHER, NYLON",,16,EA,"1/4 x 1/2 OD x 1/16"" Thk."," NATURAL""",-
80885,14,3,"FLAT WASHER, STEEL",,4,EA,"1/4 x 1/2 OD x .062"" Thk."," ZINC PLATED""",
80885,16,3,"SCREW, STEEL",,4,EA,6-32 x 7/16, RD HD SLOTTED," ZINC PLATED"""
80917,20,4,"PINS, TERMINAL",,10,EA,"LW0.032C-32-N PER MIL-STD-1276D, CUT 3"",-""",W0002,
80918-1,24,4,FIBERMAT,,1,A/R,"TYPE 2540, �"",-""",75037,
80918-2,24,3,FIBERMAT,,1,A/R,"TYPE 2540, �"",-""",75037,
80919-1,24,4,FIBERMAT,,1,A/R,"TYPE 2540, �"",-""",75037,
80919-2,24,4,FIBERMAT,,1,A/R,"TYPE 2540, �"",-""",75037,
80957,24,4,"PINS, TERMINAL",,14,EA,"LW0.032C-32-N PER MIL-STD-1276D, CUT 3"",-""",W0002,
80958,20,4,"PINS, TERMINAL",,10,EA,"LW0.032C-32-N PER MIL-STD-1276D, CUT 3"",-""",W0002,
80959,7,2,INSERT,,1,EA,"CBL632-6, 3/16 OD"," D=0.030""""",-
80960,18,4,INSERT,,1,EA,"CBL632-6, 3/16 OD"," D=0.030""""",-
80985-1,8,4,"WIRE, INSULATED LEAD",003E,1,EA,"#26 AWG TEFLON per MIL-W-16878, CUT 6"",-""",,
80985-2,8,4,"WIRE, INSULATED LEAD",003E,1,EA,"#26 AWG TEFLON per MIL-W-16878, CUT 6"",-""",,
80985-4,8,4,"WIRE, INSULATED LEAD",003E,1,EA,"#26 AWG TEFLON per MIL-W-16878, CUT 3"",-""",,
80985-5,8,4,"WIRE, INSULATED LEAD",003E,1,EA,"#26 AWG TEFLON per MIL-W-16878, CUT 6"",-""",,
80990,14,4,"WIRE, INSULATED LEAD",003Q,9,EA,"M22759/33-28-9 PER MIL-W-22759, CUT 4"",-""",,
80995,8,4,"PINS, TERMINAL",,2,EA,"LW0.032C-32-N PER MIL-STD-1276D, CUT 3"",-""",W0002,
80995-3,8,3,"PINS, TERMINAL",,2,EA,"LW0.032C-32-N PER MIL-STD-1276D, CUT 3"",-""",W0002,
81004-1A,20,4,INSERT,,4,EA,"CB632-6, D dim = .030"",-""",21698,
81005-1A,20,4,INSERT,,4,EA,"CB632-6, D dim = .030"",-""",21698,
81026,16,0,LEAD MATL.,,10,EA,"LW0.040N-32-N PER MIL-STD-1276 CUT 5.0"","",""",,
81057,9,4,INSERT,,1,EA,"CB440-8, 5/32"",-""",21698,
81057,14,4,"PINS, TERMINAL",,10,EA,"LW0.032C-32-N PER MIL-STD-1276D, CUT 3"",-""",W0002,
81073,14,4,"WIRE, INSULATED LEAD",003Q,12,EA,"M22759/33-28-9 PER MIL-W-22759, CUT 4"",-""",,
81078,17,4,TERIMAL LEAD,,8,EA,"LW0.025N-32-N per MIL-STD-1276, CUT 3"",-""",,
81079,17,4,TERIMAL LEAD,,11,EA,"LW0.032N-32-N per MIL-STD-1276, CUT 3"",-""",,
81215,24,4,"PINS, TERMINAL",,19,EA,"LW0.032C-32-N PER MIL-STD-1276D, CUT 3"",-""",W0002,
81241,11,1,"6-32 3/16"","",4.0000,EA""",MS51957-25  PHILLIPS,,S0002,,,
8535,8,3,"SCREW, R.H.",,2,EA,#4-40 x 1.125," CAD PLATED""",-
8647,4,3,COIL FORM,006A,1,EA,".484 x .625"" x 1.17"" LG."," .020"" EG""",-
9787,5,1,LEAD WIRES,,3,EA,"#26 TEF TYPEE"" YEL", GRN," BLUE."""
9792,5,3,BRACKET,,1,EA,"3/16 x 3/16, Horiz., STYLE A"""," CAD PLD""",-
9967,4,3,COIL FORM,,1,EA,".203 ID x .281"" ID x .020 THK."," G10 CLR""",-
SCMS408s,1,2,COMMON MODE INDUCTOR,,1,EA,SCMS408S,NC,22558
SCMS408s,2,2,COIL\CORE DETAIL,,1,EA,SCMS408-10,NC,22558
SCMS408s,3,2,CORE,,1,EA,YJ-41003-TC,-,8057
SCMS408s,4,2,MAGNET WIRE,,1,A/R,"#30AWG, NEMA MW-35-C, HEAVY INSULATION",-,
SCMS408s,5,2,ADHESIVE,,1,A/R,EE4186/HD3561 (PART A&B),-,12405
SCMS408s,6,2,LEAD FRAME,,1,EA,9304,-,
SCMS408s,7,2,IMPREGNATION COMPOUND,,1,A/R,DC-571,-,
SCMS408s,8,2,SOLDER Sn63,,1,A/R,Sn63Pb37-ROL1 PER J-STD-006,-,
SCMS408s,9,2,MOLDING COMPOUND,,1,A/R,MG33-0690,-,
SCMS408s,10,2,"INK, MARKING, WHITE",,1,A/R,"M-9-N, B-3",-,12405
